scenario_id,area,layer,cosine_distance,l2_distance,relative_l2,control_norm,partner_norm
scenario_001,civil_procedure,0,6.451408623320276e-06,0.045241506739886216,0.0035970705423245234,12.577319851684072,12.579629753050911
scenario_001,civil_procedure,1,0.0004266382455915263,0.5131938921638464,0.02960954267232537,17.332043856371488,17.408902593121116
scenario_001,civil_procedure,2,0.00047154722362841017,0.5999700182678712,0.03155318563624946,19.01456243386733,19.143673100243866
scenario_001,civil_procedure,3,0.0006149390235549168,0.7844899633780936,0.035209896949784304,22.280382260048036,22.337967774430847
scenario_001,civil_procedure,4,0.0007112637538230215,1.0886973584312953,0.03825222628723572,28.461019503970142,28.623484440761185
scenario_001,civil_procedure,5,0.0006847960317967194,1.2858337635421786,0.037995302620433866,33.84191399624904,34.11087921046767
scenario_001,civil_procedure,6,0.0006322017404915004,1.3808407169340036,0.035553945918050334,38.83790339662317,38.824284680183446
scenario_001,civil_procedure,7,0.0007248057190871737,1.6453387950440257,0.038067773413196816,43.22130367818261,43.20135276905924
scenario_001,civil_procedure,8,0.0006450983056899284,1.8342580454625121,0.03594350418595141,51.031697854864014,50.923862693560764
scenario_001,civil_procedure,9,0.000598325562822466,1.97774878420027,0.03461334824379776,57.13832623963662,57.02767715233383
scenario_001,civil_procedure,10,0.0007232043509333153,2.371900498408002,0.03802996808001787,62.36924767902375,62.28505307315673
scenario_001,civil_procedure,11,0.0009716528076332276,2.8706881067898213,0.044076906780319794,65.12907362345977,65.10760573290665
scenario_001,civil_procedure,12,0.0010578027010632596,3.194221804756906,0.04599254312725477,69.45086284789585,69.31421756658676
scenario_001,civil_procedure,13,0.001246964144656082,3.38920910737674,0.0499366483144083,67.87017594848965,67.86279338839744
scenario_001,civil_procedure,14,0.001356048059757975,3.5926807165559143,0.0522333611706016,68.78134272886838,68.98042714723476
scenario_001,civil_procedure,15,0.0014109812337405048,4.171988663393006,0.053128228230638834,78.52677949811692,78.54349894298902
scenario_001,civil_procedure,16,0.0015731424158900165,4.412426370506723,0.05610216654967691,78.64983906815154,78.6762285816909
scenario_001,civil_procedure,17,0.001872218004447257,5.269807301283965,0.061416647856797804,85.80421571641808,86.12187769214538
scenario_001,civil_procedure,18,0.0023108629705292927,5.986223266132022,0.06801923331113378,88.0078027158851,88.08591956243232
scenario_001,civil_procedure,19,0.0023679242731089456,6.781178854479016,0.06878828909709214,98.58042616683824,98.47119228158994
scenario_001,civil_procedure,20,0.001865692574666622,7.118961696770215,0.06109024541641319,116.53188898235389,116.07812203759937
scenario_001,civil_procedure,21,0.0018327706477142547,7.972647127242525,0.06077000514675785,131.19378726377934,131.6815684069066
scenario_001,civil_procedure,22,0.0018128996062556357,8.528184693976055,0.0601918595281066,141.6833565341808,141.53132019055178
scenario_001,civil_procedure,23,0.002192678532926151,11.038100231046315,0.06639387079348322,166.2517955216092,165.01389310507867
scenario_001,civil_procedure,24,0.008469466049146779,26.0243663928404,0.12996649768113946,200.23903742246503,197.5603095274189
scenario_001,civil_procedure,25,0.021114821570135,42.59498164523666,0.2054426786596585,207.33268239653637,207.2185227820437
scenario_001,civil_procedure,26,0.04323020119754162,74.33130453599372,0.29416962317380624,252.68178180340547,252.89985966775288
scenario_001,civil_procedure,27,0.04675120715858949,83.29637324853455,0.30541090814947086,272.7354230837379,272.05640249498026
scenario_001,civil_procedure,28,0.059327414890178565,109.2455304898849,0.34262857837208344,318.8453543745199,315.0843206254767
scenario_001,civil_procedure,29,0.11179179732632005,177.9460859317487,0.46634249230963326,381.5781080776989,369.4211231362473
scenario_001,civil_procedure,30,0.09930717260771027,191.67949024685493,0.44215810558477325,433.50893679388844,426.07837043350014
scenario_001,civil_procedure,31,0.10221636375402354,213.47028167674492,0.4468862102601191,477.68375209539414,464.9928632624518
scenario_001,civil_procedure,32,0.08870251179021316,225.970834705294,0.4146582087600765,544.9568582785298,523.3403918356213
scenario_001,civil_procedure,33,0.07601694774254564,232.63305053714933,0.3845460193368056,604.9550348703443,583.3195886566958
scenario_001,civil_procedure,34,0.07018792776258131,256.2349933539112,0.37051923217568583,691.5565269022649,672.6416732052672
scenario_001,civil_procedure,35,0.07832729303862263,303.07282164973657,0.3932862831022352,770.6163033683849,759.9274762992048
scenario_001,civil_procedure,36,0.05710948069602839,322.03819188683053,0.3376556168925277,953.7474745735741,951.9850852714843
scenario_001,civil_procedure,37,0.042236452234564514,344.5086707566149,0.2916122968984114,1181.3928096339193,1188.7498171324908
scenario_001,civil_procedure,38,0.028588349082466102,383.0658818903369,0.24372759892242865,1571.6967778124117,1613.4752027409866
scenario_001,civil_procedure,39,0.11258061153952448,412.79052013760247,0.4884895505500729,845.0344939267828,886.5115538568728
scenario_002,civil_procedure,0,5.9002020696974355e-06,0.04313893513401474,0.003435343011194957,12.557388008543928,12.556876697063135
scenario_002,civil_procedure,1,0.0003274811244132758,0.4492945995124566,0.0257632463403551,17.439362787471755,17.381654759614893
scenario_002,civil_procedure,2,0.00041442842498851107,0.5544732317699504,0.028923731853131164,19.17018296897001,19.10836645256443
scenario_002,civil_procedure,3,0.0005696525917451289,0.7555682124542404,0.03381151271040915,22.346477631023962,22.287746103321812
scenario_002,civil_procedure,4,0.000666971801705829,1.039220772057422,0.03666524679766888,28.34348225697731,28.417903235251817
scenario_002,civil_procedure,5,0.0006311448819227294,1.2552883177656249,0.037310189279740835,33.644651554936964,34.00725918473574
scenario_002,civil_procedure,6,0.000554245537115361,1.2925620629417611,0.03351370373052714,38.56816522980674,38.69608542053598
scenario_002,civil_procedure,7,0.0005677484770907348,1.4631583273214377,0.03411844153605445,42.88467648134673,43.09084512523512
scenario_002,civil_procedure,8,0.0005053464085678083,1.644466924079147,0.03254018182938811,50.536500770071754,50.862639704550304
scenario_002,civil_procedure,9,0.0004687618434020546,1.8006652481259242,0.03192518038308858,56.40266480936701,56.88670282997902
scenario_002,civil_procedure,10,0.0008051933308620418,2.5299097438127904,0.0410515235754965,61.6276699002442,62.113496991247914
scenario_002,civil_procedure,11,0.0012483292140346158,3.2454604278152153,0.05004466062288711,64.85128258280079,64.96881789573294
scenario_002,civil_procedure,12,0.0013716466990182363,3.5984556804111585,0.05247368030753338,68.57639218979169,68.2440314142873
scenario_002,civil_procedure,13,0.001398256605484094,3.581243466997304,0.053032132223072743,67.52969033817594,67.14996687782387
scenario_002,civil_procedure,14,0.00155950580694042,3.821547563716329,0.055846664976910376,68.42928875513579,68.21946391839212
scenario_002,civil_procedure,15,0.0016752046735402093,4.517429666124861,0.05787286297970931,78.05782250151869,78.0277885391451
scenario_002,civil_procedure,16,0.0018250047006019843,4.7093610185726975,0.060388262944712945,77.98470744032234,77.86204307483399
scenario_002,civil_procedure,17,0.0020290870069207267,5.507847904876112,0.06367746681871599,86.4960272455005,86.24496705843909
scenario_002,civil_procedure,18,0.0023799283782761638,6.130572530459412,0.06896316096508451,88.89633892453496,88.56802051902167
scenario_002,civil_procedure,19,0.0024413635840325743,6.993926290537192,0.06989306545374159,100.0660973321608,99.53396931600356
scenario_002,civil_procedure,20,0.0018099868015623022,7.246846729032603,0.06044745899053263,119.8867057450275,118.93852389733573
scenario_002,civil_procedure,21,0.0017690651079180775,7.890451862777399,0.059463213612045686,132.69467597659406,132.33593733841755
scenario_002,civil_procedure,22,0.0017434207105047062,8.538221211361504,0.059215038180163035,144.19008200896167,143.25294053241052
scenario_002,civil_procedure,23,0.0019795717647012046,10.699703020707762,0.0631927475799377,169.3185283196118,167.93824845873675
scenario_002,civil_procedure,24,0.007546975707579673,24.638649819069755,0.12263017571356548,200.9183276114657,199.61890274335255
scenario_002,civil_procedure,25,0.019410730997455716,41.63997303969421,0.19685181220559517,211.5295387588546,211.1235518881903
scenario_002,civil_procedure,26,0.037153737690513666,70.12740163597255,0.27143315158851683,258.35975165731867,255.83091236591088
scenario_002,civil_procedure,27,0.03631509126184329,74.46298794912013,0.26793160835287705,277.9178925804427,273.88841358091054
scenario_002,civil_procedure,28,0.04485061233484278,95.84034544971067,0.2982127427650121,321.38246193333083,318.29074741111475
scenario_002,civil_procedure,29,0.09572157981298846,167.9949443134834,0.43528395901836286,385.94333844127794,381.72947036915366
scenario_002,civil_procedure,30,0.08272949472299429,176.70300234870388,0.40655397787597364,434.63601874437984,434.17905738808867
scenario_002,civil_procedure,31,0.0824320833423402,195.0375059002279,0.4072937858732518,478.8619730155244,481.7321023832065
scenario_002,civil_procedure,32,0.0752419465068409,211.83759402964435,0.38998480582173123,543.1944805728635,548.6245672431103
scenario_002,civil_procedure,33,0.06293695251480624,214.8343325532819,0.35396584276053217,606.9352084308975,604.017051852352
scenario_002,civil_procedure,34,0.05839870191477081,237.76052118201255,0.3426460713425718,693.8953662897934,697.3645112572412
scenario_002,civil_procedure,35,0.0701737477990686,292.78502400604583,0.37327601637352925,784.3660218262246,778.3820821869635
scenario_002,civil_procedure,36,0.05382546072870997,312.5273471105496,0.3313382914009931,943.2273758311924,959.3625557157621
scenario_002,civil_procedure,37,0.03821286022354109,326.708699429088,0.2786696098961621,1172.387256546655,1188.407265549237
scenario_002,civil_procedure,38,0.027502057704641092,368.24908517439343,0.23714791523962322,1552.824467389058,1579.4132318756756
scenario_002,civil_procedure,39,0.10992700379533316,405.96445704602525,0.46410406721628666,874.7272125431157,854.9409374371812
scenario_003,civil_procedure,0,2.4615278595097045e-05,0.08853524309272828,0.007022689996299208,12.607027099214726,12.602972178825047
scenario_003,civil_procedure,1,0.00017843049311172532,0.3361925780508962,0.019167149740239343,17.540040256747016,17.479937891663422
scenario_003,civil_procedure,2,0.00023950549089213347,0.42230842592770973,0.021888824919101466,19.29333472621359,19.28082863951897
scenario_003,civil_procedure,3,0.00028169495896179786,0.5380013124246145,0.023768863185536757,22.634709461072827,22.65739312940925
scenario_003,civil_procedure,4,0.00034516049904653734,0.7852117922991445,0.026872615725285043,29.21977526587861,29.374815389845377
scenario_003,civil_procedure,5,0.0003292716790368466,0.9181788356300927,0.02648535824628157,34.667412352596784,34.88343054412399
scenario_003,civil_procedure,6,0.0002993091661240843,0.9840214017119585,0.024890968038851692,39.5332716741279,39.70273922380504
scenario_003,civil_procedure,7,0.00036153732599431,1.1912560461339772,0.02730211624657365,43.6323703032902,43.82338543123952
scenario_003,civil_procedure,8,0.0003352999754202557,1.3524876836974893,0.026282434995391398,51.459755686055985,51.67423511318467
scenario_003,civil_procedure,9,0.0003142535913062128,1.4523219411059238,0.02535923523018985,57.26994240650257,57.471389791979405
scenario_003,civil_procedure,10,0.0004913192009051714,1.9644202971469962,0.03147831815261097,62.40550361119141,62.55665057310356
scenario_003,civil_procedure,11,0.0006825965276434642,2.4627269103205722,0.03759607649743806,65.50489146090528,65.91748406907372
scenario_003,civil_procedure,12,0.0007049397783559508,2.6114643791789636,0.037542501073128856,69.56021321254289,69.52775121469037
scenario_003,civil_procedure,13,0.0007859230951562379,2.703278118962097,0.03965024819243412,68.17808821378132,68.18967412220015
scenario_003,civil_procedure,14,0.0009561642648683311,3.030751962278828,0.04382840748542463,69.15040121607706,69.29758638172179
scenario_003,civil_procedure,15,0.001029939001656599,3.6056401405031155,0.04554259830060299,79.17071653892387,79.39896510137268
scenario_003,civil_procedure,16,0.0011924960646072513,3.8543375427367703,0.048876522206862796,78.858670148908,78.94693562897862
scenario_003,civil_procedure,17,0.0014419582499679562,4.6738541994312035,0.05377363991706469,86.91719970304611,87.06350540147584
scenario_003,civil_procedure,18,0.0018477250392160416,5.465345922687769,0.060870001433026864,89.78718242188803,89.94651683672713
scenario_003,civil_procedure,19,0.0017748840319722348,6.0101522316523175,0.059634510055326634,100.7831241688131,100.9174355747704
scenario_003,civil_procedure,20,0.001377444419757179,6.316644528140438,0.052469012335223844,120.38809664995173,120.21312474977915
scenario_003,civil_procedure,21,0.0014038720945295236,7.051890089492558,0.052985910640308,133.08991020960144,133.0782930829626
scenario_003,civil_procedure,22,0.0014081590840424596,7.600415172616666,0.05305031478396953,143.26805040774838,143.06267442250982
scenario_003,civil_procedure,23,0.0017299969114734637,9.884986836949194,0.05879651493378303,168.12198559866553,167.85988085779655
scenario_003,civil_procedure,24,0.007589642237090133,24.82353413183299,0.12303893926122338,201.75347967792752,199.39287246080815
scenario_003,civil_procedure,25,0.017962095044049997,40.08515960000464,0.1888268405012763,212.28528472748394,210.0324925891287
scenario_003,civil_procedure,26,0.04035529028891127,72.83690014188403,0.282846787009733,257.51362040176775,254.93352051490965
scenario_003,civil_procedure,27,0.047941186109039746,85.50945121899198,0.3100479119362126,275.79431412711523,276.48757083648655
scenario_003,civil_procedure,28,0.0508312116529781,100.94361450229205,0.31850312286877636,316.93131795094183,316.2361325405929
scenario_003,civil_procedure,29,0.08287804817426314,151.84380208662435,0.4035481744896061,376.27181012197906,368.7767381069641
scenario_003,civil_procedure,30,0.08424631822893813,175.75983573484794,0.40937574438464186,429.33622264075143,426.9539392453428
scenario_003,civil_procedure,31,0.08491127320344383,194.23128446747515,0.41108967454219747,472.4791122126268,470.1057379410072
scenario_003,civil_procedure,32,0.0798743957527277,214.69579853166508,0.39762137452437085,539.950345447302,533.9724680745509
scenario_003,civil_procedure,33,0.06832466308120966,221.73590814561618,0.36608775432088453,605.6905906534624,591.6583069353188
scenario_003,civil_procedure,34,0.06351444326848965,244.80790540795488,0.35609034698936864,687.4881823608204,686.2332142757689
scenario_003,civil_procedure,35,0.06986502633072977,288.738423327195,0.37342791477508863,773.2106034469834,771.6289363102858
scenario_003,civil_procedure,36,0.05403995234389236,316.815663896014,0.3384849376642817,935.9815715352158,976.2080992908012
scenario_003,civil_procedure,37,0.03910865453007761,335.5280631896305,0.28897949308901394,1161.0791464925098,1211.5659561764458
scenario_003,civil_procedure,38,0.02724974806458691,383.4621799340759,0.24993338732495948,1534.2575237277297,1635.6355799735668
scenario_003,civil_procedure,39,0.12169172029560982,436.38078812082625,0.5067891656405923,861.0696867783897,901.0383445548554
scenario_004,civil_procedure,0,2.5196927912696232e-05,0.10092257712148112,0.008005053631867248,12.60735802190248,12.560397112735961
scenario_004,civil_procedure,1,0.0009848470084595773,0.7658150614136916,0.04438881320963086,17.25243380121584,17.213331089469946
scenario_004,civil_procedure,2,0.0010251159883593042,0.8597069058700331,0.04527629971100315,18.988011638705206,18.951969400803893
scenario_004,civil_procedure,3,0.0013092029528583016,1.1430556576564437,0.05130298900029518,22.28048852377523,22.33848308368114
scenario_004,civil_procedure,4,0.00115471788697874,1.4522112396361595,0.050405383081409516,28.810637889423425,29.216767609363753
scenario_004,civil_procedure,5,0.0010187582851757249,1.6346922593648194,0.047515849641578956,34.40309437157522,34.87980542361377
scenario_004,civil_procedure,6,0.00081744297629327,1.6441997046062264,0.042216009727099525,38.94730258105785,39.38923772716225
scenario_004,civil_procedure,7,0.0009008785452772061,1.8953856194081466,0.04400054742076482,43.0764099656104,43.53829628249321
scenario_004,civil_procedure,8,0.0007857145443449509,2.1112411293188704,0.041868988031231624,50.424938088878996,51.06596253957053
scenario_004,civil_procedure,9,0.000719428164867475,2.211721724764549,0.03896214613484061,56.76591112589638,57.231881029112195
scenario_004,civil_procedure,10,0.0009277718156411874,2.7151386635959316,0.043900505403729286,61.84754910282387,62.317041219660084
scenario_004,civil_procedure,11,0.0012149516759073498,3.2611649645597875,0.05013065345926337,65.0533104901543,65.57281795639985
scenario_004,civil_procedure,12,0.001293084645329512,3.554641911488107,0.051240061991169046,69.37231871617819,69.72706707945474
scenario_004,civil_procedure,13,0.0013932851191379436,3.611138281569702,0.05345609688688078,67.55334736113046,68.03610695434061
scenario_004,civil_procedure,14,0.0015314795343907006,3.865841910438219,0.05633339994036133,68.62433147175358,69.24819926860563
scenario_004,civil_procedure,15,0.0015504531795875742,4.487239140643055,0.05721120508050824,78.43287227263545,79.34770664662226
scenario_004,civil_procedure,16,0.0017011735912992876,4.6370297162363245,0.05942053251918305,78.03749848151104,78.79910359137695
scenario_004,civil_procedure,17,0.0019946609452964337,5.534792943097942,0.06389073562286389,86.6290376709525,87.30804337573865
scenario_004,civil_procedure,18,0.00247869394329836,6.354929584690749,0.07094920740452769,89.57012794317987,90.16189921481772
scenario_004,civil_procedure,19,0.002454880105424828,7.0845141124675814,0.07049891133441202,100.49111366928979,101.06305400712243
scenario_004,civil_procedure,20,0.0018841078585382087,7.312593275579765,0.062070944787276226,117.81024601189502,118.69429261072216
scenario_004,civil_procedure,21,0.0018370919507106898,8.214634468198975,0.06257689949839321,131.2726346950108,133.0864654242791
scenario_004,civil_procedure,22,0.0017301371365224805,8.596817264454879,0.060248477121083464,142.68937034171927,144.31710252349941
scenario_004,civil_procedure,23,0.0019017496992381755,10.550380676629871,0.0630796327540344,167.25494769078372,169.17557247625513
scenario_004,civil_procedure,24,0.004890786372773959,19.73320973764298,0.09895013760825203,199.4257937848215,199.6043049376419
scenario_004,civil_procedure,25,0.008326698954950529,27.14706382185192,0.13012880228002036,208.6168730227375,210.77953053388845
scenario_004,civil_procedure,26,0.01035732249094623,36.70861125593036,0.1454144063192688,252.4413652340175,255.6819665581227
scenario_004,civil_procedure,27,0.013676279975764594,45.348696368604394,0.16646003126542977,272.42994023167864,275.05484312515586
scenario_004,civil_procedure,28,0.01465475822974982,54.03900949239234,0.1710629801342022,315.9012513987403,315.36376679411103
scenario_004,civil_procedure,29,0.021471038274893828,77.14978116393651,0.20619376552528132,374.1615609346695,368.33509248953806
scenario_004,civil_procedure,30,0.02038279346551719,86.97277637527363,0.20150341652197862,431.619363465171,429.6938376638327
scenario_004,civil_procedure,31,0.020157139779903965,95.10488332291769,0.20023284253012508,474.97144884515706,471.86156729949306
scenario_004,civil_procedure,32,0.0177743993028876,101.91271623494991,0.18813055801435014,541.7127196697958,538.9413698339054
scenario_004,civil_procedure,33,0.016217894176741243,107.9007279010231,0.17963781771251014,600.6570847665603,596.8307854084053
scenario_004,civil_procedure,34,0.014322961643098098,116.1705338673887,0.1699457693070269,683.5741445114355,688.1349517733231
scenario_004,civil_procedure,35,0.014921041031687121,132.65128797657314,0.17343866639429814,764.8311113912838,769.8500283918028
scenario_004,civil_procedure,36,0.011554790186893205,147.13062976692086,0.1526393922508383,963.9099553353523,970.0881669733938
scenario_004,civil_procedure,37,0.009152401142826005,162.52944860943515,0.1353355744713226,1200.9366291482722,1201.630842851207
scenario_004,civil_procedure,38,0.006532664317003611,185.19217140544833,0.11551218573414589,1603.2262763313356,1621.4507826260442
scenario_004,civil_procedure,39,0.038959323282958924,252.7642549580336,0.285762431409548,884.5258409625505,914.2123410180377
scenario_005,civil_procedure,0,1.8583476489753004e-05,0.07705786864908405,0.006119768571904428,12.591631161160755,12.584675548126835
scenario_005,civil_procedure,1,0.0004346795867539166,0.5111548172868048,0.02960151484470748,17.267860106767316,17.30629913590885
scenario_005,civil_procedure,2,0.0005171589980921265,0.6156192532784328,0.03244164939814807,18.976200800492446,19.047808198033685
scenario_005,civil_procedure,3,0.0007186423298813915,0.8434079266916353,0.037946380774524835,22.22630747588593,22.249842563924204
scenario_005,civil_procedure,4,0.000647592814059128,1.044478611535457,0.03599301455733678,29.018925599343874,28.97532502068201
scenario_005,civil_procedure,5,0.000629867720245425,1.2417265589565887,0.035718760935389504,34.76398750792916,34.883265013245314
scenario_005,civil_procedure,6,0.000548667172774242,1.3005087978564087,0.03323770671018023,39.127512893604106,39.21470277919327
scenario_005,civil_procedure,7,0.0005619119750236434,1.4546996719361884,0.03359603388250572,43.299744160982236,43.37401234526274
scenario_005,civil_procedure,8,0.0005046964142280119,1.6362943400612726,0.03237105851590766,50.54806407572898,50.83720092683158
scenario_005,civil_procedure,9,0.0004845425399029324,1.7826658402711926,0.031281148520170096,56.98850344710741,57.138013024065316
scenario_005,civil_procedure,10,0.0006296113695635208,2.2069955481114394,0.0354928814806994,62.18135738884928,62.20179466436224
scenario_005,civil_procedure,11,0.0008422393136292561,2.6738766881072866,0.041051527890950276,65.13464481054643,65.00111889360443
scenario_005,civil_procedure,12,0.0009386569476772522,3.0114372170689463,0.04363781024895261,69.00981510962106,68.58101153194124
scenario_005,civil_procedure,13,0.001037349765066753,3.069403600751018,0.04555476160712642,67.37832649026204,67.22286193397817
scenario_005,civil_procedure,14,0.0012064929548063485,3.3615667969712315,0.04919846943120039,68.32665397593473,68.44873213508126
scenario_005,civil_procedure,15,0.001260283545827634,3.9761476019236377,0.050651061154403966,78.50077592259728,78.93744134240075
scenario_005,civil_procedure,16,0.0014508208309447213,4.217721029138402,0.054621941128047795,77.21660823534238,77.81236553869924
scenario_005,civil_procedure,17,0.0017560722952056906,5.145120548235174,0.0603374935821979,85.27236122637353,86.10065892644239
scenario_005,civil_procedure,18,0.002239348075019576,5.967596779632027,0.06787175820316699,87.92459393447054,88.74129224173761
scenario_005,civil_procedure,19,0.0024796711663310766,6.904928124381925,0.07065150148907101,97.73222053108157,98.09582519167155
scenario_005,civil_procedure,20,0.002037380543110756,7.377096524207043,0.06390718018464615,115.4345490270811,115.6237735457875
scenario_005,civil_procedure,21,0.001953245069045817,8.155254461288987,0.06291884519070834,129.61545045161333,130.33315142220607
scenario_005,civil_procedure,22,0.001956736099258838,8.983303458127121,0.06283868049792037,142.958180963466,143.5718682159635
scenario_005,civil_procedure,23,0.001988240582989076,10.594532095367091,0.06347984030754975,166.89601051354677,167.82600831183393
scenario_005,civil_procedure,24,0.0050090733846149815,20.16515538893195,0.09996743203328305,201.71724909586737,200.83934014059088
scenario_005,civil_procedure,25,0.015901796449753647,37.54244641563902,0.17837207352517281,210.47266914425833,210.55764748098275
scenario_005,civil_procedure,26,0.03973419595325234,72.23747558303823,0.280583718374446,257.45426713119366,254.6757616665955
scenario_005,civil_procedure,27,0.04377341470432017,81.50176186335628,0.2950063659000043,276.2711971136996,274.5077404623363
scenario_005,civil_procedure,28,0.052814031471920875,103.88138487452335,0.32286872910875075,321.7449554847826,316.8144188675309
scenario_005,civil_procedure,29,0.10150054806941644,172.27014968777317,0.44295823621003844,388.90833402652316,372.48560866407587
scenario_005,civil_procedure,30,0.08738256158835633,182.05521181606716,0.41533670036335135,438.33162746465405,432.1655925185962
scenario_005,civil_procedure,31,0.0894764952682835,203.0220308220238,0.4207215005453955,482.5568233590142,476.9433140185996
scenario_005,civil_procedure,32,0.07734694206589643,214.24621866052266,0.39029020592693947,548.9408020159967,539.4874068644235
scenario_005,civil_procedure,33,0.06813719349848302,223.04868247841392,0.3678037893814434,606.4338892579862,601.7405761303041
scenario_005,civil_procedure,34,0.06154058289818687,241.8780714027311,0.3504626661831957,690.1678687689242,688.7009509959928
scenario_005,civil_procedure,35,0.0663108895664486,282.1911008024237,0.3653553629215446,772.3743222102933,777.1740508788306
scenario_005,civil_procedure,36,0.04905018716876286,300.3232386632239,0.3166513922803999,948.4349223934023,966.0555007380175
scenario_005,civil_procedure,37,0.03677204528693867,321.87325907616025,0.27333377175938267,1177.5832053402723,1193.388742872051
scenario_005,civil_procedure,38,0.024601678446013797,359.9612541931713,0.22985589722963073,1566.0301020406828,1629.4229321400876
scenario_005,civil_procedure,39,0.1006755900266314,407.92469662100206,0.4745401950213051,859.6209570881298,931.5209466092515
scenario_006,civil_procedure,0,8.388259806424436e-06,0.05159845637711623,0.004102587263905565,12.577052737202653,12.579890724989674
scenario_006,civil_procedure,1,0.0005144148923875713,0.5613001772402462,0.03225107481950382,17.40407662013175,17.335932787530034
scenario_006,civil_procedure,2,0.0006659460472464573,0.6955127148931994,0.0365041637554361,19.0529693969397,19.020249587666424
scenario_006,civil_procedure,3,0.001056364836222401,1.0243251595930958,0.04600777017025587,22.264177459644074,22.1903731039422
scenario_006,civil_procedure,4,0.0012281589194819142,1.4306778188654774,0.04958577735847995,28.852584250568555,28.75987902585165
scenario_006,civil_procedure,5,0.0011436994109389476,1.6607754744075751,0.047936084161726095,34.64562246687639,34.724895842655535
scenario_006,civil_procedure,6,0.0009557557005769324,1.7236169288189767,0.04371113323207311,39.431989092295375,39.404373220268724
scenario_006,civil_procedure,7,0.000957974766125913,1.9049696547073014,0.04376386545562991,43.528368321090355,43.50817520903073
scenario_006,civil_procedure,8,0.0007957246325192013,2.0380604840157406,0.03995281041072594,51.01169262096747,50.85244052776432
scenario_006,civil_procedure,9,0.0007217089681013089,2.16933345461604,0.03799505667134665,57.09514986069246,57.10263422992862
scenario_006,civil_procedure,10,0.000977880772537576,2.767738050998499,0.044217197023874485,62.594154249625895,62.57025087054006
scenario_006,civil_procedure,11,0.0013355751781602976,3.4152217857831713,0.05167826893066126,66.0862265020043,65.92328639833232
scenario_006,civil_procedure,12,0.0014095906905258193,3.691261322718728,0.05307900961340892,69.54276934711748,69.41468374357237
scenario_006,civil_procedure,13,0.0015069594377072892,3.7394351787648556,0.05489867809059519,68.11521349555895,67.91114796396285
scenario_006,civil_procedure,14,0.001580948524714021,3.8985254372404667,0.05622369147323379,69.3395494868284,69.13936458206578
scenario_006,civil_procedure,15,0.0015903603126342647,4.50830727197359,0.05696675272997765,79.13927081894525,79.661288153342
scenario_006,civil_procedure,16,0.0018304669652151606,4.779775551885584,0.06115846933720723,78.15394341430472,78.72193599294395
scenario_006,civil_procedure,17,0.002112859232092368,5.673573397303938,0.06595776143828501,86.01828311915278,86.81416960505194
scenario_006,civil_procedure,18,0.0025586270959577773,6.4111033474731,0.07272803476692992,88.1517473697541,89.10446738970799
scenario_006,civil_procedure,19,0.0025260745236775906,7.09251402703943,0.07165282817939489,98.98442541977728,99.66483588433321
scenario_006,civil_procedure,20,0.0018283378891351676,7.184465421040839,0.060882632006923385,118.00517133069812,118.65143686641848
scenario_006,civil_procedure,21,0.0019106092351731663,8.164143187292995,0.062030352182874095,131.61529638303466,132.0870752897748
scenario_006,civil_procedure,22,0.001990921256175948,9.052373813703674,0.06343955500152734,142.69289583581937,141.43369615980015
scenario_006,civil_procedure,23,0.0019367435530159849,10.501636944658632,0.06246879788671024,168.11011736937513,166.82446816807138
scenario_006,civil_procedure,24,0.004363888727766052,18.850062921277374,0.09372808245822,201.11435577144056,198.4809106324596
scenario_006,civil_procedure,25,0.006850953388018,24.790306088968812,0.11692923514470155,212.01118829085357,209.67244144098524
scenario_006,civil_procedure,26,0.009184778176439368,34.964967359653144,0.13522278080669856,258.5730536752952,256.2149672316818
scenario_006,civil_procedure,27,0.011232925181008713,41.24101200260375,0.14950417153086984,275.85191490184104,273.701898799871
scenario_006,civil_procedure,28,0.012338644107056651,50.020500269794105,0.15673018323668747,319.1503974333725,317.2133673926288
scenario_006,civil_procedure,29,0.01544921260892096,66.97100913569095,0.17513169645691232,382.4037024169856,375.2067598813305
scenario_006,civil_procedure,30,0.014961097621602804,74.85816865626606,0.1726411630472013,433.6055627463498,431.5954248115361
scenario_006,civil_procedure,31,0.01485570937773617,82.47094747774774,0.17185090117169996,479.89825433239497,475.8793280447021
scenario_006,civil_procedure,32,0.01342274103837704,89.42606845376851,0.16334144946059126,547.4793369906025,542.25929624659
scenario_006,civil_procedure,33,0.012595837151587741,95.76973877042668,0.1582419789741967,605.2106994064017,599.2455232180581
scenario_006,civil_procedure,34,0.011665052554444166,104.84972193234944,0.15240769609885643,687.9555600941609,683.9463312779277
scenario_006,civil_procedure,35,0.01147097094841687,116.17627599777647,0.15127131183276418,767.9993951940701,765.7357847464762
scenario_006,civil_procedure,36,0.009137172038007013,128.9196776899904,0.13676089115240003,942.6647969581322,955.3958437291784
scenario_006,civil_procedure,37,0.007425349094304146,143.77119941381062,0.12275974395910179,1171.1591664911662,1181.862909656314
scenario_006,civil_procedure,38,0.00526038579928767,161.66174444303584,0.10450567625814036,1546.9183132571077,1570.7963965426106
scenario_006,civil_procedure,39,0.02212139176238681,179.1478230430616,0.21791116894474585,822.114001363954,854.1497105633632
scenario_007,limitation,0,1.6236971177807646e-05,0.07245724525389699,0.005751055353199919,12.598947637250854,12.608509967083704
scenario_007,limitation,1,0.00012334962861204612,0.27426918977064757,0.015785082293926556,17.375214437505655,17.400460088284305
scenario_007,limitation,2,0.00017730563711448877,0.3606056223193023,0.018884556960097703,19.095265146079267,19.119197389713754
scenario_007,limitation,3,0.0002466162957487361,0.5005460383072166,0.022244283510003064,22.502232453660522,22.52546810622258
scenario_007,limitation,4,0.00026901995271855217,0.6761668015341493,0.023239258969149683,29.095884788399086,29.04593742843046
scenario_007,limitation,5,0.0002721986614173666,0.8164972445379669,0.02343499669821019,34.84093704183562,34.908386714960294
scenario_007,limitation,6,0.0002520877504471608,0.8790589085926358,0.02245259166068065,39.15177908535424,39.145166213163826
scenario_007,limitation,7,0.0003056093184654607,1.0740555361486346,0.02476810529417304,43.364461003051275,43.41745535155046
scenario_007,limitation,8,0.00031126677073922693,1.271808171208051,0.02494868165945847,50.97696898649099,50.96150316622554
scenario_007,limitation,9,0.0002959835886965356,1.3895648260457047,0.024345485674525148,57.076898962822106,57.00822215049598
scenario_007,limitation,10,0.0004145847313493656,1.806267798849208,0.028813261181345327,62.688766380205735,62.73163263581653
scenario_007,limitation,11,0.0005768640748566867,2.257476898226774,0.03398126875131779,66.43297855496432,66.4713059529428
scenario_007,limitation,12,0.0006087464404999077,2.4428686442754626,0.03489551818193947,70.0052262166949,70.01568935516258
scenario_007,limitation,13,0.0007020154492395347,2.589336256538259,0.03772976008269654,68.6284845401328,68.88719705270144
scenario_007,limitation,14,0.0008187727156674374,2.874773875704476,0.04098876932006518,70.13564748081352,70.53922307711998
scenario_007,limitation,15,0.0008875174614608738,3.421682441777165,0.04273564391621086,80.06624279455919,80.57303696760941
scenario_007,limitation,16,0.0010303726794858026,3.6443841517120408,0.046048589491433915,79.14214511152353,79.67764865897752
scenario_007,limitation,17,0.0011942295080776821,4.284063066130435,0.049297209464058224,86.90274992652219,87.37003243779922
scenario_007,limitation,18,0.001453352904192906,4.87337489123059,0.05410438438512627,90.0735669874902,90.37172283339491
scenario_007,limitation,19,0.001478375306185442,5.487918831781753,0.05452813308660317,100.64380570421659,100.93084333474062
scenario_007,limitation,20,0.0011964333658472937,5.8257979932587665,0.04890235542883061,119.13123493074406,118.99719966251432
scenario_007,limitation,21,0.0012226813661982971,6.591846436490838,0.0494709048912139,133.24693475864757,133.33339268825247
scenario_007,limitation,22,0.001241137825004901,7.202092911910335,0.04982098299931586,144.55943015032912,144.55075863742792
scenario_007,limitation,23,0.0015460725661259334,9.367801262773424,0.05558807457537978,168.52177979415873,168.17218015446028
scenario_007,limitation,24,0.003727258133448208,17.606383584077392,0.08646955133263659,203.61368033873603,201.6269928390421
scenario_007,limitation,25,0.006889827686189287,25.14126695361002,0.1172097057602151,214.49816626144803,213.54262501571733
scenario_007,limitation,26,0.009780459238334482,36.43224591444777,0.1396423846735914,260.89676139237173,259.88269202021576
scenario_007,limitation,27,0.011165274042925333,41.87221201042105,0.14912115375297327,280.7932406409924,279.22738105485524
scenario_007,limitation,28,0.011959708427096039,50.12237760725552,0.1541963420387457,325.0555554337406,321.28503718538775
scenario_007,limitation,29,0.01371419509189531,64.24891179782996,0.16545490961324327,388.31674410879725,378.47919100446035
scenario_007,limitation,30,0.013615036522920843,73.07083061668384,0.1645309461356353,444.1160300412181,440.32207180825117
scenario_007,limitation,31,0.013670051598585475,80.55635430015394,0.16481733039501056,488.7614312590066,483.73891345030796
scenario_007,limitation,32,0.012364954844681031,87.44208309243082,0.15677708561519477,557.7478542180272,551.6473631155167
scenario_007,limitation,33,0.011677930561266647,94.32384613365723,0.15238506784750921,618.9835229003311,610.9428523231286
scenario_007,limitation,34,0.010521213596554335,101.45946164613451,0.14500525729684657,699.6950561484293,699.1457786755883
scenario_007,limitation,35,0.010258799309897038,112.30820482481303,0.1433340370455505,783.5417681644054,784.5156810131166
scenario_007,limitation,36,0.008288940091581432,125.06915033608173,0.13010483396365113,961.2951842436825,972.9830061560818
scenario_007,limitation,37,0.0066340370183883834,138.77171463136622,0.11685422891641682,1187.5626232630955,1204.3343596556456
scenario_007,limitation,38,0.004628284684214057,158.14501433475974,0.10044586531382242,1574.4303047285043,1613.15942865616
scenario_007,limitation,39,0.01961949354848802,171.4779235961014,0.19994250046469655,857.6361863913916,869.5494538261221
scenario_008,limitation,0,1.0624751333843108e-05,0.05804510249691089,0.0046097865779049845,12.591711463416754,12.59123456727777
scenario_008,limitation,1,0.0005814382598875456,0.5902372095056855,0.03410026321606058,17.308875470136986,17.308124536944188
scenario_008,limitation,2,0.0006590533278812982,0.6932370985219407,0.036307722947330805,19.093378550000878,19.09531652518681
scenario_008,limitation,3,0.0009291501005361802,0.9624451623690498,0.04314758410596634,22.305887625257917,22.331293428244194
scenario_008,limitation,4,0.000819673014126554,1.1705106685903706,0.040588716667543004,28.8383266260393,28.900089797676348
scenario_008,limitation,5,0.0007126662786096638,1.309420643773709,0.03807997239598113,34.3860712438936,34.53438627892455
scenario_008,limitation,6,0.0005933435033491641,1.3351848550716887,0.03447806752794519,38.72562909709176,38.76267235251915
scenario_008,limitation,7,0.0006953101979174647,1.6040250150461532,0.03728468407270751,43.021016670496714,42.986648012898314
scenario_008,limitation,8,0.0006025631255432984,1.7609408717289246,0.03471635684610665,50.723665491023716,50.727588296665424
scenario_008,limitation,9,0.0005578679308174683,1.908673952454196,0.03340094273477933,57.14431378808823,57.08698597646959
scenario_008,limitation,10,0.0007790947661849845,2.47509350741519,0.03965763795982967,62.41152107753572,62.60578651922388
scenario_008,limitation,11,0.001039553610777122,3.0222011429858693,0.04607114298044522,65.59857098115918,65.96809114283474
scenario_008,limitation,12,0.0010462793886955035,3.1785727358072173,0.0461940767538186,68.80909759809114,69.1853077918307
scenario_008,limitation,13,0.001215853979250281,3.371037381077729,0.04969457277670301,67.83512147745203,68.17801339220814
scenario_008,limitation,14,0.001243041015373092,3.4853436922063064,0.05016919019784955,69.47179490961172,69.78094469791534
scenario_008,limitation,15,0.0012708515747382743,3.9911480211003614,0.05053236875798421,78.98200933772281,79.17110379210739
scenario_008,limitation,16,0.0014402135472931787,4.245666706264362,0.0539638857366283,78.67607471755116,79.01981808731372
scenario_008,limitation,17,0.0017139494190917537,5.12511146165432,0.05929378770764473,86.43589252426086,87.11134896691132
scenario_008,limitation,18,0.002164300866874136,5.985605406598682,0.06678529872247489,89.62459584813355,90.47719169043333
scenario_008,limitation,19,0.0021012900934518353,6.561273520391716,0.06576198780751723,99.77304122248111,100.68544453730055
scenario_008,limitation,20,0.001739422823428538,7.009651037530101,0.059761812950208326,117.29314576467623,118.23628532699641
scenario_008,limitation,21,0.001567595559099133,7.505789519954493,0.05721801566139461,131.17878055003402,132.53173222062807
scenario_008,limitation,22,0.0015627643895035348,8.044356541821747,0.05625279632050211,143.00367391496002,143.69910188745303
scenario_008,limitation,23,0.0018270033223103388,10.122710181702988,0.0606222699061943,166.98005860497585,167.49965239055527
scenario_008,limitation,24,0.0031162032711936627,15.83149449520716,0.07907420675727926,200.21060146455122,200.68393086964306
scenario_008,limitation,25,0.00529258565089874,21.740292600204693,0.10286511255430957,211.34757995551212,211.26593429608243
scenario_008,limitation,26,0.00649538145256634,29.028468241270552,0.1138296885690242,255.01667101257357,254.10918559823398
scenario_008,limitation,27,0.006635812762518567,31.531311741150923,0.1150289157659662,274.11639526624265,272.84973590575294
scenario_008,limitation,28,0.0064316680882976485,36.079552885292344,0.11326757415113112,318.5338183119555,317.3617211994604
scenario_008,limitation,29,0.0064742524690512004,43.12563837466925,0.11364923897106494,379.4626234641925,375.83258442365553
scenario_008,limitation,30,0.006512759452451,49.56801522465139,0.11397186974394323,434.9144691230756,430.97450355688676
scenario_008,limitation,31,0.006551804831015917,55.11023774971033,0.1144051638716759,481.71110363099933,476.0125223875397
scenario_008,limitation,32,0.006041691535319749,60.58924394226668,0.10995277017718919,551.0479076118496,544.1165190212713
scenario_008,limitation,33,0.005584443755863755,65.9600423566656,0.10635395337232262,620.193610723181,608.5619184858625
scenario_008,limitation,34,0.005034835866196574,70.63574186726605,0.10066453353712278,701.6944238977395,691.5407631733141
scenario_008,limitation,35,0.004965020832332523,79.39901004993676,0.1003859570299637,790.9374219168659,776.6388578160758
scenario_008,limitation,36,0.004056298650847556,85.84876286446541,0.09011322588643642,952.6766134491155,944.1209098068724
scenario_008,limitation,37,0.003160763398567301,93.36438819042627,0.0795292922532927,1173.9622665453905,1165.958741574383
scenario_008,limitation,38,0.002181532406633324,103.37379839105387,0.06604748922025928,1565.143499192172,1564.84569018247
scenario_008,limitation,39,0.009184965676504397,116.22004651415527,0.13630206554827287,852.6653359702364,859.4210738165208
scenario_009,limitation,0,1.464169160914075e-05,0.06827729762748301,0.005431263400132082,12.571163023657181,12.565143810683644
scenario_009,limitation,1,0.00012722141497512052,0.2780793095263885,0.016110811454272133,17.260416107262536,17.219120127469573
scenario_009,limitation,2,0.00016382092807598614,0.345192833864661,0.018195986377634553,18.970822834257117,18.932330991861
scenario_009,limitation,3,0.00024730648037951664,0.4980816145893793,0.02229052710982111,22.34499041388423,22.305460309427215
scenario_009,limitation,4,0.00031695771710482656,0.7385704354665061,0.025545945575272188,28.911454198877774,29.027582083459535
scenario_009,limitation,5,0.00028269564649741064,0.8361168200017802,0.024080767966241277,34.721351959120604,34.8440792486887
scenario_009,limitation,6,0.00026759885909133363,0.9107102251838091,0.02331085755685641,39.06807044582289,39.16996610208287
scenario_009,limitation,7,0.0003298192642723352,1.1163877234963866,0.025776724602118092,43.30991391375816,43.39159571169598
scenario_009,limitation,8,0.0003428932367129933,1.331049551520091,0.02619687819927441,50.80947208270633,50.831652891709076
scenario_009,limitation,9,0.0003343222289414749,1.4726113331242638,0.0258894368114157,56.880778977584015,56.936582898900234
scenario_009,limitation,10,0.0004924607776302103,1.9766300585310628,0.031571224543206634,62.60859650299456,62.79521697254809
scenario_009,limitation,11,0.0006643128127756803,2.436690619472343,0.03694383450491864,65.95662448487651,66.31217366736227
scenario_009,limitation,12,0.0007109944649196231,2.6693275790656914,0.03840925934217616,69.49698132123511,69.95726130532536
scenario_009,limitation,13,0.00079715512308276,2.7849302221889523,0.04063139823851556,68.54133362186498,69.00524021665679
scenario_009,limitation,14,0.0008645046580183502,2.962630321614203,0.04245951198992006,69.77542093082782,70.31754984926869
scenario_009,limitation,15,0.000963803025132437,3.501642810733784,0.044071831885508124,79.45308059421075,79.69081278938955
scenario_009,limitation,16,0.001080489447490729,3.6734752404429445,0.04649696637726849,79.00462173460932,79.03527508389098
scenario_009,limitation,17,0.0012553606851239962,4.347610850737896,0.050096173092428246,86.78528882269077,86.73653862094842
scenario_009,limitation,18,0.0015287400363698245,4.970240711313862,0.05530118310259705,89.87584772088627,89.58077512071434
scenario_009,limitation,19,0.0016295096687709565,5.735045026284105,0.05706797584588269,100.49497886121142,100.39396684576808
scenario_009,limitation,20,0.0013396451048245384,6.18911191152359,0.05177371968074978,119.5415734022447,119.17360342526275
scenario_009,limitation,21,0.0013645001151347813,6.970463654307898,0.05256248070558014,132.61291249459427,133.22405108510344
scenario_009,limitation,22,0.0014323745376734198,7.732672916896213,0.053513528123192176,144.49940394688642,144.43694874403678
scenario_009,limitation,23,0.0014696988184901283,9.222087906618036,0.054274038835496204,169.9171114677875,169.1739319409675
scenario_009,limitation,24,0.004799461176031583,20.0887685636759,0.09810331942970636,204.77154779732032,202.36454306773223
scenario_009,limitation,25,0.0155512354851981,37.807362810826355,0.17574543603149764,215.12571628915816,212.87354660591524
scenario_009,limitation,26,0.03026367925170803,63.79250096355793,0.24434159816788203,261.0791672064264,255.67325023779455
scenario_009,limitation,27,0.03494720007377905,73.89248589272172,0.2627081488525982,281.27215016151536,276.6477446929727
scenario_009,limitation,28,0.04305042309058682,94.05571114708431,0.29168125618350355,322.4605940668044,317.8710352714942
scenario_009,limitation,29,0.06205598960465264,133.845761540806,0.34786534610848785,384.76313619081753,371.41829161682455
scenario_009,limitation,30,0.05657950574092352,147.6068157991465,0.3342787744108001,441.56801776995354,435.2377730518347
scenario_009,limitation,31,0.06110352868915514,169.05295758770876,0.34820637829424916,485.4964415524056,481.40262398132006
scenario_009,limitation,32,0.055654283073024,183.8328695786971,0.33149450977180145,554.5578106414082,546.4070957193792
scenario_009,limitation,33,0.05048631459472008,194.4060821929907,0.31579236824584545,615.6136174945333,606.7388549473861
scenario_009,limitation,34,0.047015762596750776,214.24121622785523,0.3047157882634163,703.0853814592997,692.6011560294356
scenario_009,limitation,35,0.04881049166542528,245.7275985042464,0.3109320252116353,790.2936287665844,781.7106781366849
scenario_009,limitation,36,0.03632191926945061,261.82883396861985,0.2700764727794967,969.461838989542,973.2299833402433
scenario_009,limitation,37,0.02778525521080355,281.1462132378681,0.23567971435846646,1192.9164714203937,1192.3626691151849
scenario_009,limitation,38,0.018948742379204297,313.94264768138976,0.1974997734351461,1589.5848497491088,1620.3627568335419
scenario_009,limitation,39,0.08676291308790929,377.04481709238684,0.42594013466086417,885.2061273648044,918.3504242430095
scenario_010,limitation,0,9.798210890643588e-06,0.0555930836670805,0.004428496582375304,12.553489120513706,12.551815561935031
scenario_010,limitation,1,0.000553516056131298,0.5744379345579491,0.033343626248457325,17.22781830259167,17.2570801453416
scenario_010,limitation,2,0.0006974510543912293,0.711940315174042,0.0373451137682811,19.06381433435946,19.05989353686423
scenario_010,limitation,3,0.0010860578665198295,1.0378423898926725,0.04668957721087323,22.228566885608384,22.27103845600528
scenario_010,limitation,4,0.001062875855904588,1.348387181725681,0.047195564080154094,28.57021010355256,28.829516794317524
scenario_010,limitation,5,0.0009559564706398405,1.5406215303408064,0.043959136786779644,35.04667386471829,35.17532222213718
scenario_010,limitation,6,0.0007729406317922294,1.5548503841474104,0.039472084646488645,39.39113928419604,39.50141096292685
scenario_010,limitation,7,0.000897105552468358,1.8399395656414512,0.04234862815954275,43.44744199764221,43.4084935732276
scenario_010,limitation,8,0.0007142259422504571,1.9286509169862267,0.03788133830254553,50.91295617865291,51.01181466289253
scenario_010,limitation,9,0.000630977514496478,2.0298891190143276,0.035549055183147264,57.10107085987019,57.14931968673336
scenario_010,limitation,10,0.0008404328516211645,2.566496721361208,0.041002516624649064,62.59363894308706,62.47698568520186
scenario_010,limitation,11,0.0011053869906619829,3.108290689310518,0.04705598930027216,66.05515547608603,66.12555668284213
scenario_010,limitation,12,0.001173511493803403,3.357154483056141,0.048534118436326885,69.1710201239253,69.30765122561003
scenario_010,limitation,13,0.0012928580355511254,3.454428418873284,0.050913353439337054,67.8491630489281,67.95484321795043
scenario_010,limitation,14,0.0013518504242975293,3.6274682874119373,0.05209553136333175,69.63108336706951,69.77887462134575
scenario_010,limitation,15,0.001369814805267433,4.174787191164708,0.052825011864167014,79.03050172330595,79.49612063272998
scenario_010,limitation,16,0.0014857505931635817,4.312516155853583,0.054822890138498524,78.66269262636311,79.01946787579651
scenario_010,limitation,17,0.00168875433807536,5.110804243064911,0.05876278752934329,86.9734819933929,87.59674250522718
scenario_010,limitation,18,0.0020443129199186894,5.807761987677398,0.06435815665570879,90.2412730486778,90.74123290960182
scenario_010,limitation,19,0.0019953624951077886,6.355103780390559,0.06333190293106224,100.34601024555015,100.63928205658381
scenario_010,limitation,20,0.0016138118548038038,6.740306254743963,0.0568660881475241,118.52945181068219,118.68843484743141
scenario_010,limitation,21,0.001574985976827481,7.497056639863705,0.05658042619107695,132.502654090047,133.26633204184208
scenario_010,limitation,22,0.0014876858857644226,7.861118428057591,0.05464327516606816,143.86250465709844,144.16175028112582
scenario_010,limitation,23,0.0015070360120890136,9.238648611866317,0.054941534331631604,168.15417924263048,168.33833187153303
scenario_010,limitation,24,0.0037630904676673183,17.48449047059442,0.08669974345662705,201.66715348288565,201.351261180032
scenario_010,limitation,25,0.011109656782166244,31.70055230814783,0.148762286664603,213.09535513943376,211.97648206488628
scenario_010,limitation,26,0.031371637316571,64.47926542941394,0.24993576584318541,257.9833470887456,256.7583160809828
scenario_010,limitation,27,0.03154181275506429,69.89976292578578,0.25099376943759416,278.4920242538742,278.10492461576126
scenario_010,limitation,28,0.03287868516214176,81.80045087224894,0.2572305378378693,318.00443119940616,319.8288887881774
scenario_010,limitation,29,0.04643658833626363,114.36122443471244,0.3032536400425533,377.11410296234203,372.9135920065793
scenario_010,limitation,30,0.047311315358840034,134.36321760890814,0.30785220199892954,436.4536512536472,437.1358703584357
scenario_010,limitation,31,0.04882130301408005,149.92596407050482,0.31222447385131685,480.18645758660307,479.3936605075459
scenario_010,limitation,32,0.04795774531254726,169.3823892454728,0.3093855859310121,547.4798987023341,546.3359368531118
scenario_010,limitation,33,0.04156042608332555,176.37270023086344,0.2875965502493247,613.2643109869069,610.042524254166
scenario_010,limitation,34,0.03890585723910467,193.8494218515852,0.2803342743286994,691.4938329099623,697.6760085939167
scenario_010,limitation,35,0.04296828432830757,227.43422194003765,0.2956311136768327,769.3176104212629,780.5052101884174
scenario_010,limitation,36,0.033741260195287226,251.2029104340426,0.2678291312533907,937.9222837279109,975.1244393321288
scenario_010,limitation,37,0.024321546680987405,263.72769960032923,0.22861445450980963,1153.5915354337883,1200.4114100162894
scenario_010,limitation,38,0.016320323746345178,298.1117658400774,0.19358047677316637,1539.9887985057433,1624.823245985004
scenario_010,limitation,39,0.057744089027198076,298.69910132871917,0.3455321860623309,864.461006462757,888.092277396639
scenario_011,limitation,0,2.5618064430577014e-05,0.10018953963256245,0.007951407037619878,12.600227753219452,12.556275770425772
scenario_011,limitation,1,0.0008601257680119767,0.7256825802361155,0.04208941394492742,17.24145128714899,17.102283173550514
scenario_011,limitation,2,0.0009703318511727899,0.8392980882096293,0.044345551916366105,18.926319595537137,18.809965026122164
scenario_011,limitation,3,0.0012028007715748634,1.0906144623367737,0.049049608770934734,22.23492683560481,22.23725269696651
scenario_011,limitation,4,0.0010544284909754786,1.3482630815110335,0.04665765234475981,28.896933595126733,29.106832422294353
scenario_011,limitation,5,0.0008933764662369947,1.4979081249359527,0.043604706821592086,34.35198248355661,34.69034232957748
scenario_011,limitation,6,0.0007406418773695522,1.5421007553315096,0.03991758048989766,38.63211989318302,39.01358692123536
scenario_011,limitation,7,0.0008252710772621574,1.7862696337789798,0.041403238482458894,43.14323466594914,43.45376406359228
scenario_011,limitation,8,0.0007146638304841302,1.9582415015590078,0.038630764737383236,50.69124349133076,51.059019676457666
scenario_011,limitation,9,0.0006692674295318835,2.1227903680649587,0.03713070587673743,57.17075175225519,57.49678123672394
scenario_011,limitation,10,0.0008711930624794029,2.6619732733886003,0.04247695336256268,62.66864882392311,63.110142752549145
scenario_011,limitation,11,0.0012110611060762722,3.301551743028144,0.05051591987635311,65.3566588732679,66.02612739172227
scenario_011,limitation,12,0.0013473799065629732,3.6334164636531114,0.052869696316884186,68.7239896721851,69.3263560558583
scenario_011,limitation,13,0.001427749174344406,3.6539564509325038,0.05369243652441761,68.05346688393999,68.3254135805797
scenario_011,limitation,14,0.0015139649810562705,3.8418346931882623,0.05529053294835545,69.48449378805513,69.768689943257
scenario_011,limitation,15,0.0015674109409388182,4.416205224227533,0.05619819846155285,78.58268316641526,78.8592220341441
scenario_011,limitation,16,0.0016850599738326144,4.552991455180833,0.05828840478750571,78.1114438073759,78.40948833144422
scenario_011,limitation,17,0.0019814638152216846,5.3989674878016745,0.06341794414075123,85.1331206167624,85.63926590352791
scenario_011,limitation,18,0.0024681524609352357,6.2289266878302545,0.07061957455704061,88.20396790692992,88.65167329496444
scenario_011,limitation,19,0.0023512294504253184,6.729245957115891,0.0688951843726079,97.67367659141324,98.13202199621031
scenario_011,limitation,20,0.0018521205057430157,7.088427207255613,0.061099414576628264,116.01465016273784,116.45940783121702
scenario_011,limitation,21,0.0017841279182747583,7.75526600140667,0.05981404865055234,129.6562626401491,129.88604354454884
scenario_011,limitation,22,0.001706203349441937,8.239599563991163,0.0585574594341197,140.70964901168838,141.09061574951778
scenario_011,limitation,23,0.001860832617345265,10.079379297167915,0.061043819111621156,165.11711494880998,165.28110385484595
scenario_011,limitation,24,0.005320815713738214,20.558537884142897,0.10309048478113113,199.42226411865482,199.11602725402162
scenario_011,limitation,25,0.010913235103315322,31.087469818168074,0.1474488901003303,210.83556340786885,209.7604830582287
scenario_011,limitation,26,0.014264159211987537,43.02182183661757,0.16836031112489103,255.53422626252834,253.0417635498875
scenario_011,limitation,27,0.016914820985427736,50.3412813538112,0.1835726384201192,274.2308537212477,273.010647558983
scenario_011,limitation,28,0.017055559788364927,58.3889253965885,0.1839925080593655,317.3440376047769,313.75498997493094
scenario_011,limitation,29,0.017359089801783578,70.3247698123124,0.1855230248487839,379.062220819398,371.952558825502
scenario_011,limitation,30,0.017579002271549182,81.05901676611927,0.18711152775588166,433.21230785884205,431.10634386644307
scenario_011,limitation,31,0.017924687931456296,90.41439108383844,0.18876836608685654,478.97003591288575,475.30231030474977
scenario_011,limitation,32,0.016454502698191487,99.1717356174031,0.18077289542380612,548.5984797936865,543.0664849709678
scenario_011,limitation,33,0.014998740266096489,106.11574836283923,0.1725929555609398,614.8324421350527,608.0554128833967
scenario_011,limitation,34,0.01342442316427983,113.66336135286173,0.1636145822960239,694.7019010030131,692.3610638696465
scenario_011,limitation,35,0.013507581466489782,128.24498393431506,0.1638099491869259,782.8888573060532,773.0933889842847
scenario_011,limitation,36,0.011300137578628244,142.05392992087965,0.15036294689873841,944.7402624833202,945.0995929069317
scenario_011,limitation,37,0.008757381450772317,153.78025791524166,0.13270037016452332,1158.8532701497613,1163.8727657297488
scenario_011,limitation,38,0.0059280840276561,170.63648093743427,0.11088897385575062,1538.8047612326714,1563.23202256149
scenario_011,limitation,39,0.025585856578289268,197.53381373029148,0.23071520459548683,856.1803027963748,878.8649060344208
scenario_012,company_law,0,4.189483161143315e-05,0.12300990415892302,0.009781443453283661,12.575843713294503,12.618678403301397
scenario_012,company_law,1,8.528370150517883e-05,0.22818889068976086,0.013264870497953557,17.202496679101753,17.240992210470914
scenario_012,company_law,2,0.0001737523413221087,0.3583549514057342,0.018808031845800453,19.053293526071386,19.097683108556094
scenario_012,company_law,3,0.00021863123469056944,0.47402022981373726,0.021191305725202742,22.368618336244694,22.440751194732364
scenario_012,company_law,4,0.0002858108482837185,0.7041777446883706,0.02423637201136124,29.054585577341133,29.16199650393561
scenario_012,company_law,5,0.00026323704798525416,0.8016143775359589,0.023313770846720327,34.383728947422775,34.51697463351884
scenario_012,company_law,6,0.00023991321184058112,0.8570872689339218,0.022150377473586495,38.6940254158633,38.812317277572085
scenario_012,company_law,7,0.00028332941544140233,1.0277127471942245,0.023997850012535255,42.82520086830277,42.943794617616184
scenario_012,company_law,8,0.0002828184308792947,1.2109597853046723,0.02398200332025196,50.494521626642396,50.63652614345002
scenario_012,company_law,9,0.00026517226779321224,1.3155591374629478,0.023285454388271752,56.49703525328495,56.677260398511706
scenario_012,company_law,10,0.00042933401777911495,1.8230192459854002,0.02959731118904829,61.59408313617221,61.825431255043476
scenario_012,company_law,11,0.0006064991048018165,2.2737044199430483,0.03488119106731816,65.18425404553888,65.27617763298699
scenario_012,company_law,12,0.0006870800016641754,2.5878697002212716,0.03706394050740161,69.82176381662597,69.78904981569274
scenario_012,company_law,13,0.0008069052045283076,2.7698627510264773,0.0404435979379024,68.48705091172548,68.7568335622743
scenario_012,company_law,14,0.0009461757167283924,3.039848086359661,0.04378268368558316,69.43037361961956,69.71506096575274
scenario_012,company_law,15,0.0010745028081858843,3.6779760270184676,0.04641483500323389,79.24138967125941,79.3580512269507
scenario_012,company_law,16,0.00123735039704842,3.8865503768297813,0.04975103380650203,78.11999227887085,78.13368742079335
scenario_012,company_law,17,0.001506851072324622,4.769054368791403,0.05522285540337545,86.36015530084123,86.76330848137228
scenario_012,company_law,18,0.001920690715326634,5.59458476403101,0.06227698554012283,89.83390437911642,90.2346856175687
scenario_012,company_law,19,0.002027399403451091,6.418545199050207,0.06375865887837875,100.66938847151323,100.84833973831276
scenario_012,company_law,20,0.0016580901004650261,6.9818768754087,0.05870792571796915,118.92562699199075,120.10093208955055
scenario_012,company_law,21,0.0015716394151542579,7.679476809849467,0.05721850551166573,134.21316654773116,135.5509179934364
scenario_012,company_law,22,0.0016171140778018511,8.433067995222084,0.05810143834590909,145.1438765597419,146.65188064960574
scenario_012,company_law,23,0.0017871283977788366,10.194407526235452,0.06052635144424565,168.4292425197001,169.74705448929979
scenario_012,company_law,24,0.0035665530245759802,17.126684759988887,0.08481339984447434,201.9337132032764,202.93796595880312
scenario_012,company_law,25,0.0059964007397134145,23.361120152191553,0.10973623976655426,212.88427780912195,213.5727151506885
scenario_012,company_law,26,0.00730316073726478,31.095244584034067,0.12086579577614208,257.2708381585985,257.3095265697174
scenario_012,company_law,27,0.0068718899634405695,32.26582958165814,0.11718732444299385,275.33549157318595,275.1025715701293
scenario_012,company_law,28,0.00661226696454853,36.72840243415664,0.11500664014139192,319.3589725689044,319.40657337399267
scenario_012,company_law,29,0.0060680341581396124,41.73447840694583,0.11016112474819717,378.84942172060414,378.8307748836992
scenario_012,company_law,30,0.005725710591508948,46.551169654952474,0.10713470880590172,434.5106284769975,435.3661753473823
scenario_012,company_law,31,0.005549441660113064,50.53656629556219,0.10526387404122942,480.0941135395434,479.12018334980746
scenario_012,company_law,32,0.005054739538849384,55.251261152059115,0.10042237188379294,550.1887688531689,546.9395335344718
scenario_012,company_law,33,0.004687577427437195,59.83963163014411,0.09689349308674998,617.5815292010262,611.0241725580812
scenario_012,company_law,34,0.004258240493921761,64.88986719604307,0.09239858604900152,702.2820366713207,694.8973564973185
scenario_012,company_law,35,0.003982690147914858,70.77451107205935,0.08979395814448375,788.187897432687,776.6540721727245
scenario_012,company_law,36,0.003214869230204642,76.55719053309029,0.08033365806779692,952.9902207177033,944.3620027848497
scenario_012,company_law,37,0.00244729530371246,82.98400185778918,0.07009264005946923,1183.9189077110298,1175.1761569639364
scenario_012,company_law,38,0.0016354426305601466,90.44917375583637,0.05781662105481789,1564.414732401578,1548.3486006982964
scenario_012,company_law,39,0.006535362638721676,97.72449380763541,0.11500047701480777,849.7746821959021,856.1511401478472
scenario_013,company_law,0,1.6243324553855132e-05,0.07198398015675847,0.005699713447478172,12.629403358621063,12.628962575620163
scenario_013,company_law,1,0.00042064517444595495,0.502952901208411,0.02900224516646824,17.341860891166938,17.33231714399779
scenario_013,company_law,2,0.00045059694773086356,0.5759451990235971,0.030021633612223753,19.18433908237067,19.186335103168545
scenario_013,company_law,3,0.0005895593716769287,0.7715947771223646,0.03434439959813605,22.466392953459604,22.4728185527904
scenario_013,company_law,4,0.0006803661708458808,1.0693326010499575,0.03691068666966555,28.970812995705423,28.993377261120116
scenario_013,company_law,5,0.0006660739056776332,1.2953518381842055,0.03767264817271492,34.384411529699335,34.68319028015753
scenario_013,company_law,6,0.0005719161783802607,1.3479799789169806,0.034813110974510314,38.720468845888355,39.01866988421813
scenario_013,company_law,7,0.0005999307450608171,1.5430535462926775,0.036038950593373566,42.816272973730726,43.217257127588546
scenario_013,company_law,8,0.0004999083099297419,1.6042827032408433,0.03169951377991381,50.60906341905429,50.70019146101652
scenario_013,company_law,9,0.00048487668875851764,1.7748493191906807,0.03141893862254651,56.489792367366384,56.69960128561181
scenario_013,company_law,10,0.000647297964288085,2.2321414168514986,0.03621544273791809,61.63507189474214,61.85213815009661
scenario_013,company_law,11,0.0008652969540536848,2.7248468365641654,0.04174355731390618,65.27586559223182,65.45181790683998
scenario_013,company_law,12,0.0008938382837849757,2.953257350409419,0.04233054562553753,69.76657887980903,69.86018221522141
scenario_013,company_law,13,0.0009981806968230034,3.119476137885329,0.0455426620547254,68.49569166898665,69.03523302597411
scenario_013,company_law,14,0.0010598587359149647,3.2354420310468495,0.04624962591395364,69.95606920294479,70.1981528210366
scenario_013,company_law,15,0.0010566032059960984,3.688437490683031,0.04610349698752921,80.00342125198739,80.21221331179191
scenario_013,company_law,16,0.0012623654911656512,3.9522288125520366,0.050232070500063675,78.67939292980222,78.60771973286894
scenario_013,company_law,17,0.0015079017121943927,4.81105563973306,0.055451892146619504,86.76089225255328,87.30981181262625
scenario_013,company_law,18,0.001900379674233843,5.622296405547763,0.06260430435110534,89.80686653773985,90.62876240911879
scenario_013,company_law,19,0.0019955212985629522,6.433170407526641,0.06379115484669554,100.84737332294726,101.56073833190784
scenario_013,company_law,20,0.0016175731654853864,6.88143870166858,0.05770700160437376,119.24789904778243,120.23289752601453
scenario_013,company_law,21,0.0016669671397103736,7.817895109794829,0.058178320901697736,134.3781496032604,135.13760205313878
scenario_013,company_law,22,0.0016269670798887415,8.346410722907915,0.05728328825066137,145.70411332508573,146.26628111450023
scenario_013,company_law,23,0.0015091928800221588,9.365308356763578,0.05506228190771861,170.08572896523475,170.50397485742445
scenario_013,company_law,24,0.0025486086076014214,14.587316846269779,0.0713578665466503,204.42478947620023,204.12989123582528
scenario_013,company_law,25,0.004689573636900368,20.7727551471936,0.09674588953632178,214.71460179602548,214.05469475334064
scenario_013,company_law,26,0.007073092472194675,30.931644213999554,0.11873054587128115,260.51968334697415,258.446003856768
scenario_013,company_law,27,0.00882012539389132,36.88183825902406,0.1325515594708448,278.24522326450904,276.55102357447356
scenario_013,company_law,28,0.009037412797264777,43.27119280269863,0.13414369089387979,322.5734472814692,320.0370243517448
scenario_013,company_law,29,0.013093639060285378,62.68287575530516,0.16173269469758392,387.5708363884793,377.8837084140196
scenario_013,company_law,30,0.012902183953743096,70.28604537445159,0.16018438701604112,438.7821228008509,435.13814162355544
scenario_013,company_law,31,0.01333371795413174,78.98357867557327,0.1628370516819671,485.04672529833124,481.0647302811185
scenario_013,company_law,32,0.012008028046208041,85.43737742250227,0.15450523051241521,552.97401349553,546.3636688927636
scenario_013,company_law,33,0.011068017046030887,90.86358641510108,0.14844112992102862,612.1186659212372,602.5229306861704
scenario_013,company_law,34,0.01001171114127497,98.66062435485105,0.1411519711089505,698.9673865673346,692.5505641551279
scenario_013,company_law,35,0.010754207863804988,113.9163971163906,0.14626945139607747,778.8119530709166,771.5350060451773
scenario_013,company_law,36,0.008377269498033524,125.31291702491262,0.13019116840934977,962.5300898360567,970.146800181149
scenario_013,company_law,37,0.006766645520171144,140.20512597320436,0.11706756863599102,1197.642759705355,1207.1937968053576
scenario_013,company_law,38,0.004671362015086555,155.56423653391624,0.09866687429814369,1576.6612415818975,1601.3860686821106
scenario_013,company_law,39,0.0173985469339214,164.60961906802456,0.19188002298213547,857.8778369405874,884.3045577085481
scenario_014,company_law,0,1.0308560946192813e-05,0.05742594380544167,0.004555273538750515,12.606475399761235,12.601739311132162
scenario_014,company_law,1,0.00039423672221139405,0.48406308580325247,0.02810769710094721,17.22172699046696,17.23755391362918
scenario_014,company_law,2,0.00043467071255498535,0.5585743148093825,0.02952820297567233,18.916637604719128,18.939854778501836
scenario_014,company_law,3,0.0005230582605026957,0.7192309637208935,0.03238097352969183,22.21152996099368,22.236304499507227
scenario_014,company_law,4,0.0005311308495136169,0.9479040800007185,0.03273324101281094,28.958454790032352,29.032261721335733
scenario_014,company_law,5,0.0004992703781093732,1.1408963281313234,0.033127115755559745,34.43995355798055,34.76562970186939
scenario_014,company_law,6,0.0004335424754137174,1.150665946487784,0.02952820502592007,38.96836754817034,39.038764861037954
scenario_014,company_law,7,0.0004492786956730166,1.3080192005635194,0.03027746774407384,43.20107651075067,43.366825575070806
scenario_014,company_law,8,0.0003695009800073201,1.3884858934554702,0.02738870512915938,50.69556544961372,50.84706589376531
scenario_014,company_law,9,0.00034587902040217333,1.5144968492692692,0.026865921727048075,56.37241352283491,56.66239614488255
scenario_014,company_law,10,0.0005435070479584692,2.034349884004149,0.033022306197166534,61.6053243482645,61.69120339475178
scenario_014,company_law,11,0.0007868891658902033,2.578181468641424,0.03967663697142183,64.97983865160822,64.9961226108069
scenario_014,company_law,12,0.0008296249050337989,2.8231489251222768,0.04076760483240075,69.2498108909879,69.06399362378919
scenario_014,company_law,13,0.0008839302670431426,2.8357345262775127,0.04204069320855537,67.452135296866,67.43188287601697
scenario_014,company_law,14,0.0010798483244108814,3.227504726227629,0.04650040677820107,69.40809661348277,69.19860825655978
scenario_014,company_law,15,0.0011752010600796226,3.8590531369410095,0.04847094015836892,79.61580947950132,79.57328708792966
scenario_014,company_law,16,0.0012874739493241583,3.980124896249512,0.05075446789736357,78.41920250840141,78.44770758179178
scenario_014,company_law,17,0.0015750913490979457,4.874741430199624,0.05633690361880668,86.52838755895544,86.83453532353275
scenario_014,company_law,18,0.001971778000363411,5.627721747575316,0.06306190384606253,89.2412281321681,89.60909141491082
scenario_014,company_law,19,0.0020366933620976635,6.402051472407447,0.06390714144772781,100.17740314114877,100.35985638692921
scenario_014,company_law,20,0.0014968131469261792,6.518149747236405,0.05488086251980514,118.76908357415424,119.12936289674722
scenario_014,company_law,21,0.0014599302500674094,7.221252896153307,0.05464238036380392,132.15480087204972,133.0521261942769
scenario_014,company_law,22,0.0014358964425754683,7.693061847071158,0.05361160955001261,143.49619255311742,143.59365377713488
scenario_014,company_law,23,0.0016250735277798523,9.591340874282277,0.05715517181903229,167.81230060248765,168.27505304103565
scenario_014,company_law,24,0.005329158891359653,20.814048615682882,0.10310418310265386,201.87394913899607,200.64777534232866
scenario_014,company_law,25,0.010490606271207459,30.341665574481244,0.14484174831675786,209.48149222920406,209.46062103483195
scenario_014,company_law,26,0.014979099893762338,43.68708232787765,0.1728870385833759,252.6914839067549,252.06353772276933
scenario_014,company_law,27,0.02055240289786142,55.11869824229491,0.20329477084689926,271.12698478508656,272.4476971592065
scenario_014,company_law,28,0.024337817270346118,69.39599296996882,0.22059014872153349,314.5924392914403,314.49080676343215
scenario_014,company_law,29,0.0404832473125436,105.80762834284918,0.28235666083706873,374.730413758167,367.03297654066967
scenario_014,company_law,30,0.040516655728539686,122.97986567527228,0.28384881439327775,433.25833838037954,430.57721438593484
scenario_014,company_law,31,0.039477846015801954,133.431344564809,0.27937709793230353,477.6030159678337,470.96568713825775
scenario_014,company_law,32,0.03443735077514776,142.43963737691905,0.2607636060829826,546.240480090579,537.0296935604161
scenario_014,company_law,33,0.031188615701922218,151.03433472663863,0.24814843527129352,608.6451222693271,597.6711375282897
scenario_014,company_law,34,0.028355809575448143,164.4905404563959,0.23705386980065324,693.8951918174619,685.9739469719129
scenario_014,company_law,35,0.030620619938210303,190.99522971829578,0.24662443592046746,774.4375734928747,768.3836217743748
scenario_014,company_law,36,0.023239387645293208,208.15670743014923,0.21637864547935268,962.0020819014323,968.1997416295337
scenario_014,company_law,37,0.01833094107746447,227.94801211521087,0.19161073315872806,1189.6411456574378,1191.29169398294
scenario_014,company_law,38,0.012782994705653472,255.04516666333095,0.1618842980094776,1575.4781025668049,1600.0096628615538
scenario_014,company_law,39,0.053140163886084335,287.14234349469876,0.33537901288119315,856.1726657488193,892.0012397746806
scenario_015,company_law,0,2.2994410678656152e-05,0.0869998851389155,0.006906740318719999,12.596374139492605,12.612579344060167
scenario_015,company_law,1,8.825773890552835e-05,0.23134871588084532,0.013373144536273345,17.299500147727752,17.27154806247343
scenario_015,company_law,2,0.000185206030750229,0.3674130686354669,0.0192706469123032,19.065943676280778,19.043537532065006
scenario_015,company_law,3,0.00026432458122616076,0.5139338019095303,0.02302434692566055,22.321319408923298,22.34313066145619
scenario_015,company_law,4,0.00036121292683177764,0.8039381010387718,0.02798418073533916,28.728305775396088,28.941970835240177
scenario_015,company_law,5,0.0003157397682125307,0.9440931136018771,0.02763106571141818,34.16781399103773,34.54972679382792
scenario_015,company_law,6,0.00027271672547846126,0.9877933896358968,0.02548969368704628,38.75265830039723,39.13798459193304
scenario_015,company_law,7,0.00031039051951664565,1.0887295526922522,0.02541970571664124,42.83013992484994,43.03302880475349
scenario_015,company_law,8,0.00026613527685681593,1.2164096824005963,0.02417229007983104,50.32248406680956,50.672320416439895
scenario_015,company_law,9,0.00026093335168542175,1.3133392680569547,0.023309168426986077,56.34432099844637,56.59099044142936
scenario_015,company_law,10,0.0004305629667348265,1.8043919846172543,0.029345702958855642,61.48743436635733,61.49043138026757
scenario_015,company_law,11,0.0005666191117935648,2.1819708530686928,0.03366253543057752,64.81896937230371,64.74988897112262
scenario_015,company_law,12,0.0006502943826831586,2.505686730958683,0.03606163630802036,69.48344522018822,69.40177472798577
scenario_015,company_law,13,0.000722904258236734,2.5990091285761747,0.03811918571801096,68.1811292560787,68.32209420473687
scenario_015,company_law,14,0.0008631795889714189,2.8845515026414517,0.04169551714025725,69.18133412132215,69.37011357740596
scenario_015,company_law,15,0.0009248902081004928,3.410347515326857,0.04301100051979643,79.2901228549007,79.29691326528011
scenario_015,company_law,16,0.0010577799736624094,3.596546611866804,0.04599633596934278,78.19202412696424,78.1957463809016
scenario_015,company_law,17,0.00130148997573043,4.415168182921182,0.051189679043752975,86.2511401790083,86.51580528535793
scenario_015,company_law,18,0.001672167088694776,5.179687997025623,0.057986450064641135,89.32583372928504,89.58473839317938
scenario_015,company_law,19,0.001667350509315657,5.821965096903241,0.057997907995124345,100.3823292625084,100.7813512596834
scenario_015,company_law,20,0.0014220094851605802,6.413097374393099,0.053916486520224516,118.94501641881827,119.73477195218592
scenario_015,company_law,21,0.0014824257996833845,7.435810298376772,0.05553595311660441,133.89182828580243,135.1697283808648
scenario_015,company_law,22,0.0014600786753060646,7.96078071968003,0.05481463703262485,145.2309301061666,146.3705353581114
scenario_015,company_law,23,0.0016690612501442104,9.860409343830138,0.05841786579709405,168.79098901145815,169.99338291062062
scenario_015,company_law,24,0.0035974489313889135,17.062898025677892,0.08475108968474362,201.32954147431394,200.78432516110556
scenario_015,company_law,25,0.006998583822982685,24.84665324143706,0.1181586808394704,210.28208054551285,209.57689241210232
scenario_015,company_law,26,0.009251082654025966,34.72369501790807,0.13586151167066932,255.58154469883212,254.8689069946369
scenario_015,company_law,27,0.011983656264198728,42.77955993695466,0.15463287814656526,276.652419910383,275.9267695865968
scenario_015,company_law,28,0.01385779924252184,53.63033216760431,0.16670792540014198,321.7023548153316,322.51049253949265
scenario_015,company_law,29,0.020145213243830673,75.69961688964872,0.1997508760505665,378.9701371346453,372.8428234505757
scenario_015,company_law,30,0.019315747647953407,85.34478259684137,0.1964464301048906,434.44303137131266,433.97693199286954
scenario_015,company_law,31,0.02040052577490492,96.7240412102115,0.2014489015836917,480.1418148712398,477.0821855010272
scenario_015,company_law,32,0.017752975845441332,103.30185533682084,0.18790239156305263,549.7633876690537,545.9379739012514
scenario_015,company_law,33,0.01637767372029353,109.9527372023706,0.180353307511125,609.6519033652223,603.5324494638782
scenario_015,company_law,34,0.01463013371887567,119.29294064597437,0.1710607428085771,697.3718147562781,697.407746895207
scenario_015,company_law,35,0.015425932415303656,136.82839928727267,0.17598879354468672,777.4835916045387,780.203943972102
scenario_015,company_law,36,0.011800862139798585,150.06333645325742,0.1548381626578787,969.1624718179364,979.6635704403735
scenario_015,company_law,37,0.009632361735405714,167.2642799284161,0.13953036761070509,1198.7661381004145,1207.8707813583844
scenario_015,company_law,38,0.006605008567830972,187.99695967881587,0.11693576177911327,1607.6943171066368,1633.2961390639316
scenario_015,company_law,39,0.03248368409760516,229.24152167595076,0.25896890303945197,885.2086833029043,906.1574585767729
scenario_016,company_law,0,9.90236277365053e-06,0.05649210749948308,0.004485736832077013,12.593718627342158,12.600686849639638
scenario_016,company_law,1,0.0005914389145410537,0.6061946204657629,0.034896988837886465,17.37097212833556,17.463864579695773
scenario_016,company_law,2,0.0006178529659227605,0.6813212933449935,0.035682796016292866,19.09383146527812,19.199640107527525
scenario_016,company_law,3,0.0008095440134929799,0.9130666564050588,0.04072852780659434,22.418356507774988,22.5426664396027
scenario_016,company_law,4,0.0006750558680371777,1.0761329234980836,0.037298590335674,28.851839005530007,29.018291867164766
scenario_016,company_law,5,0.0005799867387134006,1.2009833965286982,0.03484116130898378,34.47024586459537,34.70418825244577
scenario_016,company_law,6,0.0005138500119787892,1.2525185437643136,0.03205386453726479,39.07543011882938,39.05068670023654
scenario_016,company_law,7,0.0005592688862308126,1.4478867682947356,0.03357941977044076,43.118278344085006,43.22602692290341
scenario_016,company_law,8,0.0004928153634158328,1.6604165331074476,0.032836182792827795,50.56667346455758,51.028947100869814
scenario_016,company_law,9,0.000476874073438438,1.7960532260851672,0.03166187820168512,56.726048108844566,57.09589199656218
scenario_016,company_law,10,0.0006568908502566639,2.2495823305411937,0.03640214441371436,61.798071700788945,61.96945371425316
scenario_016,company_law,11,0.0010392619034301775,2.9967955292108206,0.04558948856617061,65.73435288402366,65.60170774678288
scenario_016,company_law,12,0.001158588298751484,3.3884232740429896,0.04826839827438586,70.19962118446952,69.85558826068024
scenario_016,company_law,13,0.0012143521698657622,3.370476181162363,0.049272099431583824,68.40536977407258,68.27344586470895
scenario_016,company_law,14,0.001287741680807697,3.535973611938885,0.05075435504733095,69.668378381351,69.68151520742558
scenario_016,company_law,15,0.001281660858484135,4.032118055584071,0.05079681762078359,79.37737528530378,79.61832291873206
scenario_016,company_law,16,0.0014158007038267417,4.183257573865455,0.0533738432137623,78.37654779910646,78.60874464398461
scenario_016,company_law,17,0.0015928330846007865,4.90790840877723,0.05672393304434054,86.52270999863084,86.89291933973574
scenario_016,company_law,18,0.002065881356530519,5.806156194135592,0.06461905887833091,89.85206988340407,90.28978853506996
scenario_016,company_law,19,0.002070405060445757,6.495431901361611,0.06449234793045856,100.71631921922844,100.98806991751651
scenario_016,company_law,20,0.001692278950962356,6.95136839397789,0.05818722502792045,119.46554231865083,119.50406190227811
scenario_016,company_law,21,0.0015682371346450452,7.64973624112347,0.05716540987470202,133.81757006361963,135.15600644384955
scenario_016,company_law,22,0.0015305847324926791,8.07428968884698,0.05601600598314816,144.1425454588113,145.20281554764537
scenario_016,company_law,23,0.0017168051230814774,9.946857580342861,0.05913683199465583,168.20071763806615,169.28360649606495
scenario_016,company_law,24,0.005861042530452609,21.811179299048945,0.10813915956862907,201.69547632933813,201.02137063540442
scenario_016,company_law,25,0.013367926958808729,34.33359156571369,0.16316990728737144,210.41619828370733,209.32911883085245
scenario_016,company_law,26,0.025808755344175704,57.844756946275915,0.22609034977270726,255.8479696476577,252.53553257909158
scenario_016,company_law,27,0.03028412725315288,67.3850615187446,0.24529351919548703,274.711952194065,272.6435770932759
scenario_016,company_law,28,0.038754123672808505,88.61282274936025,0.27732659441037827,319.5251538632969,316.7475406569177
scenario_016,company_law,29,0.06860086532772136,139.42708872070992,0.36575541651032795,381.2030729468988,368.69785949068347
scenario_016,company_law,30,0.06670899476641656,158.07396706033114,0.3640809982610332,434.17252703476083,431.21285522432595
scenario_016,company_law,31,0.06743390067449218,174.7282711821359,0.3651415662973288,478.5219961505492,472.4975770118693
scenario_016,company_law,32,0.05993499013084258,187.7787095886952,0.3434107910188193,546.8049184814485,536.2649804821627
scenario_016,company_law,33,0.053652133781095124,197.97362638507607,0.32470859597117463,609.6962902782248,596.360814371785
scenario_016,company_law,34,0.04940723652789558,217.54722809511185,0.31255560673405025,696.0272777324392,686.9035095563497
scenario_016,company_law,35,0.053374282089987735,252.25170258755207,0.3249566539200449,776.2626170123546,766.8087545619964
scenario_016,company_law,36,0.040349358307443794,273.7876050217192,0.2852509675190008,959.8130635735073,967.0909015024235
scenario_016,company_law,37,0.03160105447580808,299.69858248120914,0.25149009710149095,1191.6913864018402,1192.5334741687573
scenario_016,company_law,38,0.021635628926766626,334.31022642735,0.21082926675011573,1585.6917380621042,1615.7138088062889
scenario_016,company_law,39,0.08911730328838452,385.25344234416383,0.44710396157080273,861.6641216746536,933.144375410729
scenario_017,company_law,0,1.8380468607803735e-05,0.07754757249529233,0.006142185607704317,12.625403634501408,12.637579491649506
scenario_017,company_law,1,0.0008487674676387336,0.7093312426177103,0.04124409600383919,17.198370466204,17.219273943795596
scenario_017,company_law,2,0.0009836416341878484,0.8383187815189452,0.04437414606132812,18.892054403938975,18.904795314244964
scenario_017,company_law,3,0.0012426238793354916,1.1096554988888763,0.04990623008305794,22.23480910183155,22.265704708757955
scenario_017,company_law,4,0.0011344286221551814,1.4085818575371851,0.049126906680022876,28.672309183064755,28.986092057616098
scenario_017,company_law,5,0.0010945737556733448,1.6472228063409016,0.048323046493020654,34.08772678640639,34.46394223835569
scenario_017,company_law,6,0.000915526231792918,1.6694141355007024,0.04333674287505148,38.521910617832035,38.7531381657251
scenario_017,company_law,7,0.0010607162934274106,1.9794252325025157,0.04667428181595946,42.40933455189632,42.68783403701994
scenario_017,company_law,8,0.0009288549774901789,2.178967751431408,0.04368889697235835,49.87463411607816,50.18751784825698
scenario_017,company_law,9,0.0008281654818804718,2.347269371928089,0.04169104722504997,56.30152102578363,56.76627278124244
scenario_017,company_law,10,0.0011352608928846264,2.990826541886923,0.04850671990708053,61.65798362816843,62.15197568387898
scenario_017,company_law,11,0.0016076573110699321,3.703824995179751,0.056924276495283074,65.06582469232897,65.30331640038352
scenario_017,company_law,12,0.001775137422697859,4.138591756580763,0.059747468690537694,69.26806854390132,69.47466906491657
scenario_017,company_law,13,0.0018412157220700776,4.143138647039728,0.060836141840379186,68.10324457968461,68.29724648603599
scenario_017,company_law,14,0.0018891714080132571,4.247485233317561,0.061517885571457855,69.04472079723503,69.12906026828442
scenario_017,company_law,15,0.0018662780802725099,4.8778168860940045,0.06195033736621316,78.73753547554202,79.4117698682817
scenario_017,company_law,16,0.002099421415532987,5.0883395134272495,0.06520104569805646,78.04076543482377,78.46478021993917
scenario_017,company_law,17,0.002485741850731582,6.146813713298737,0.07106093061607278,86.50060814019838,87.08003610277012
scenario_017,company_law,18,0.0029899167292711804,6.963850933960576,0.07806459808814367,89.20626128245237,89.92964154872693
scenario_017,company_law,19,0.0029292813223806835,7.687841741207706,0.07679877954691247,100.10369678481145,100.50451338943161
scenario_017,company_law,20,0.0022471002997224154,7.938070896951505,0.06773195397012957,117.19831529520421,118.0979208787987
scenario_017,company_law,21,0.002210545074592951,8.801496392711087,0.06705522510094251,131.25742817896193,132.14274330781257
scenario_017,company_law,22,0.002119825876042869,9.27990487414632,0.06568780099851565,141.27288070361828,142.23484871233427
scenario_017,company_law,23,0.002243356294189036,11.184310076873663,0.06750077673454632,165.6915759778158,166.75168870699432
scenario_017,company_law,24,0.005322512458709627,20.66055316908004,0.10405210838438562,198.55967831768052,200.38124157093745
scenario_017,company_law,25,0.009334381012680582,28.80235846230447,0.13744904386772905,209.54935481415032,211.28645652962368
scenario_017,company_law,26,0.011157790015231539,38.10057760471017,0.14985748522424777,254.24540888095248,255.55662844059222
scenario_017,company_law,27,0.011308248348283367,41.05122007379244,0.15082344804944695,272.1806231371527,273.48384978811805
scenario_017,company_law,28,0.010896905626230136,46.46670656599109,0.14756275687381548,314.89454080697277,314.60735975475103
scenario_017,company_law,29,0.01063649080656659,54.774606614904336,0.14559782645208896,376.2048373224081,374.5491310398963
scenario_017,company_law,30,0.010169417825401927,60.920038086606446,0.14262672957039627,427.1291802742918,427.2030692773338
scenario_017,company_law,31,0.010295039290202701,67.8108661614099,0.14320055685024544,473.53772675845346,470.8992565403433
scenario_017,company_law,32,0.009507254117452235,74.10682015365364,0.13761346151862583,538.5143236413929,535.3617260152079
scenario_017,company_law,33,0.00893644806724514,80.50038555304032,0.13340436896301824,603.431403175081,596.8797743375177
scenario_017,company_law,34,0.008457135581136477,89.01348273009745,0.12980862305691712,685.7285797652114,678.0475080415293
scenario_017,company_law,35,0.008135939254181657,98.08662506433748,0.12747483297305387,769.4587455162339,758.0858848330773
scenario_017,company_law,36,0.006363769061322744,105.37503085080812,0.11266336954511438,935.3087101536781,931.6465566297474
scenario_017,company_law,37,0.004807924984441825,113.58627506544147,0.09795670988479145,1159.5558405241684,1155.9152562519098
scenario_017,company_law,38,0.0032916928171983217,122.96775397396593,0.08110174595152411,1516.215866024214,1514.595863466132
scenario_017,company_law,39,0.013048317995512537,137.40525835558682,0.16325770154380928,841.6464096716129,853.352912221937
scenario_018,employment,0,8.241453500978935e-06,0.051418195625743034,0.004111391712393973,12.506275057844915,12.514283758227993
scenario_018,employment,1,0.00012875539226719912,0.2767830751994817,0.016167621981902105,17.119590964540752,17.151185644908
scenario_018,employment,2,0.0003163220069797301,0.47602551608514887,0.025215626919487113,18.878194764107466,18.906433290941767
scenario_018,employment,3,0.00040787867708713677,0.6324045909428404,0.028613562388229794,22.10156786360095,22.131748124407437
scenario_018,employment,4,0.0003657393914391349,0.7767713095135848,0.0273917312239145,28.35787570941921,28.47098930629446
scenario_018,employment,5,0.0003331037949739768,0.9011067309448872,0.02614951807607584,34.45978347758954,34.593284534411445
scenario_018,employment,6,0.00029621699216419994,0.9556487362103075,0.02448507112445494,39.02985338914678,39.122819744775974
scenario_018,employment,7,0.0003263386611958019,1.1197315179233431,0.026035164534004937,43.008428714204754,43.21054645096381
scenario_018,employment,8,0.0003026393403123828,1.2615093681747163,0.024772027316682155,50.924752828977454,51.05751581438507
scenario_018,employment,9,0.0002799030532034674,1.3495923911275385,0.0237997189347601,56.70623232261891,56.83712803777069
scenario_018,employment,10,0.00042015207330137194,1.814230643728197,0.02914629436510924,62.24567078757002,62.41014499990861
scenario_018,employment,11,0.0006057020118616085,2.296124175026867,0.034810062395824286,65.96150701822079,65.97687109987395
scenario_018,employment,12,0.0005782636289671794,2.3710572646066135,0.034109140872546975,69.5138371695248,69.28658920572018
scenario_018,employment,13,0.0005843031145578159,2.3468415739851194,0.034203420495275076,68.61423623725926,68.48710588064979
scenario_018,employment,14,0.0005838262214534762,2.3820434783316395,0.03424196613724812,69.56503224096332,69.36577567869844
scenario_018,employment,15,0.0005855545832118558,2.728632050141768,0.03431802767432458,79.51016521218159,79.25383442984003
scenario_018,employment,16,0.0006768106415480091,2.889725678860043,0.03689571916743407,78.3214352252186,78.04509520405846
scenario_018,employment,17,0.0007897731615202908,3.4223717585864275,0.03974278283778896,86.11303774461172,86.10982518120825
scenario_018,employment,18,0.0009450124075575106,3.8461929144280664,0.04346862944382554,88.48203781990635,88.45367672778396
scenario_018,employment,19,0.000976533036739835,4.352953616559308,0.04425201938077014,98.36734407765577,98.02776359746375
scenario_018,employment,20,0.0007777742013128641,4.60676864223597,0.03943322755352847,116.82453930463925,116.75583142626017
scenario_018,employment,21,0.0008065528501610686,5.28693354229342,0.04021074061311725,131.48063083843712,131.65189632649532
scenario_018,employment,22,0.000748140805025721,5.5176199558664125,0.038721939550759914,142.49337765308633,142.1139169903528
scenario_018,employment,23,0.0007631826638602179,6.495080166878828,0.03906349910081676,166.26979959260805,166.07353237956423
scenario_018,employment,24,0.0013342944036315307,10.338017261651276,0.051641316873219434,200.1888775809365,199.94797743309647
scenario_018,employment,25,0.001856251964371336,13.003990556942668,0.06110399178264334,212.8173655691749,211.36593484762912
scenario_018,employment,26,0.0021554512722876673,16.997978612470572,0.06615400010804132,256.9455903605199,254.2405349521733
scenario_018,employment,27,0.0022226893235153256,18.394968114733505,0.06697778028081727,274.64284480030614,272.17810723853825
scenario_018,employment,28,0.0021578459542798134,21.001707674953284,0.06593685062520233,318.51244752848464,315.89735265050007
scenario_018,employment,29,0.002001691879326417,24.070827885031406,0.06360151818076534,378.4631023526576,375.1449280229722
scenario_018,employment,30,0.0019172399652429561,26.88049631581074,0.062286910115792044,431.5593158472559,427.7154693466552
scenario_018,employment,31,0.0018960726382215576,29.77181422849114,0.06235381838934643,477.4657751124646,471.7989923044656
scenario_018,employment,32,0.001771242156159425,32.818778998778576,0.06014994761475329,545.6160861348604,539.8102905433155
scenario_018,employment,33,0.0016221305014627596,35.462199401085684,0.058064960999852255,610.7331993416118,602.7814913647907
scenario_018,employment,34,0.0015376654200830453,38.60657182287308,0.05608544599545529,688.3527649223195,681.428717993189
scenario_018,employment,35,0.0015697353797954339,44.55863106977603,0.057436946712998344,775.7834219918958,764.6916534857043
scenario_018,employment,36,0.0012630027875397687,48.155966854438894,0.051409326459114994,936.7165487518408,925.336228274974
scenario_018,employment,37,0.000982198461912498,54.50243284325001,0.04689347419767893,1162.2605016104287,1143.280382467965
scenario_018,employment,38,0.0006764397634492214,59.5675075548524,0.03882456788802957,1534.2735488169674,1514.1387683227179
scenario_018,employment,39,0.0033962286768109973,68.30235231778151,0.08256466074175912,827.2589229357288,819.4857938231128
scenario_019,employment,0,3.8918743911486864e-05,0.12154927845469701,0.009639318384892811,12.609737908978575,12.560279000581161
scenario_019,employment,1,0.0002523090639516834,0.41222379622000715,0.023740163979958668,17.363982682175426,17.226180068931246
scenario_019,employment,2,0.00030520881168460967,0.4906657872768734,0.025692790881367385,19.097411003049423,18.95682028742359
scenario_019,employment,3,0.00044427851647255157,0.6648084032998547,0.029918668352527197,22.2205211631252,22.152845519645037
scenario_019,employment,4,0.0005253902772344166,0.9382895202787891,0.03273431317739142,28.663791269854308,28.780181688237132
scenario_019,employment,5,0.0004236429421091703,1.0475985562890173,0.030169933667702997,34.72326349230508,34.984419637714296
scenario_019,employment,6,0.00036172243604482013,1.074080084715768,0.027551926164266227,38.98384738373784,39.2029809285858
scenario_019,employment,7,0.0004525295206871949,1.2959560085586834,0.030080847323534488,43.08243031255175,43.06052883096946
scenario_019,employment,8,0.00040594002610294666,1.449208336500968,0.0285911935622486,50.68722763692111,50.545202225895665
scenario_019,employment,9,0.0003737468264332078,1.5578824356297962,0.027443868590100427,56.76613814539823,56.88177379166816
scenario_019,employment,10,0.0005712471444708767,2.1249196056189192,0.03384483066247634,62.78417010887311,62.862437350759876
scenario_019,employment,11,0.0007296037664630273,2.537786571237588,0.038228435876254456,66.38478695420366,66.44620059820514
scenario_019,employment,12,0.0007699073506740595,2.73238301351778,0.0392333388890909,69.64441699040654,69.60343657478211
scenario_019,employment,13,0.0008254551602731031,2.8196327111414035,0.040745217527343364,69.20156234898488,68.9262207219919
scenario_019,employment,14,0.0007857134273905331,2.7792463440433206,0.039652546187226585,70.08998440908718,69.94864583847962
scenario_019,employment,15,0.0007973915013231858,3.1791551711707946,0.040118786581718205,79.24355251111979,79.49103414624963
scenario_019,employment,16,0.0008478730567574866,3.256675358934371,0.04137047486340651,78.7197964172996,78.97270640949877
scenario_019,employment,17,0.0009824079115148265,3.836620663294204,0.04470626243205271,85.81841680738427,86.24035824438613
scenario_019,employment,18,0.0011854524813752487,4.303996023660302,0.04881908963520407,88.16215246579762,88.38519393784748
scenario_019,employment,19,0.0012096533994000458,4.840632278691336,0.04934306996597473,98.10156283403664,98.38612617035714
scenario_019,employment,20,0.0010647297079970919,5.300195554108675,0.046265793656832595,114.55970243203501,114.83783264727359
scenario_019,employment,21,0.0009810592926683404,5.912867099294051,0.04490185210008818,131.6842585048388,132.53184448464208
scenario_019,employment,22,0.001046714258821635,6.449478927438144,0.04574446334809924,140.98927947541722,140.90828617941358
scenario_019,employment,23,0.0010389664223937611,7.553015241291034,0.045936960122144564,164.4213117543665,165.20002068909022
scenario_019,employment,24,0.0023922012453250208,13.709662746064415,0.06917212369001467,198.19635446646654,197.23260640048198
scenario_019,employment,25,0.006073964345375771,23.200803946634792,0.11009096039548358,210.7421341705962,210.09375507367355
scenario_019,employment,26,0.017366138203750103,48.107559736050504,0.18566717431505145,259.1064355534309,256.2780635242825
scenario_019,employment,27,0.01865574193335473,53.72637365093603,0.19278332909425513,278.6878611514602,277.44928609389694
scenario_019,employment,28,0.023561621850061276,69.3697127840535,0.2164156471178111,320.5392664897766,318.2307565491518
scenario_019,employment,29,0.030734427753654203,93.65002518258989,0.24654293931652438,379.8527974161824,374.2934027418396
scenario_019,employment,30,0.02789326337965803,102.63790241636906,0.23543409508993524,435.95173578050213,432.73363133270334
scenario_019,employment,31,0.027885710577494227,112.68894897695407,0.235591105430193,478.324293148429,475.781190817004
scenario_019,employment,32,0.024967153173183765,120.91808258258315,0.22244645230781035,543.5828772637053,537.1293264126132
scenario_019,employment,33,0.02265191517975884,127.22918919213866,0.2118153366581866,600.6608926408978,592.2571949791476
scenario_019,employment,34,0.021312722659989958,141.37272983890344,0.20547897965191203,688.0155336492004,678.236373672126
scenario_019,employment,35,0.023432706349942545,165.66241360351756,0.21573191471469813,767.9086973413431,761.4059340440521
scenario_019,employment,36,0.017232267766668752,176.53037168892408,0.18527743893803453,952.7893557939568,948.4280284443847
scenario_019,employment,37,0.013015422848583369,190.78395069094688,0.16112256978666328,1184.092029711028,1180.4644008341766
scenario_019,employment,38,0.008865548352212538,209.51098400138977,0.13341448148123475,1570.3766313468623,1575.4893357247556
scenario_019,employment,39,0.039816228275080134,244.0254379840264,0.28519762937474125,855.6362776192092,870.6503013543057
scenario_020,employment,0,7.690919760272585e-06,0.04939101407505539,0.003921961311804912,12.593447550436272,12.593345645091462
scenario_020,employment,1,0.0002205507289658737,0.36143655537964914,0.021006589763713564,17.20586537106507,17.19392733596865
scenario_020,employment,2,0.00029780783368427155,0.46254904206491565,0.024403774084426278,18.953996232906448,18.9458649456893
scenario_020,employment,3,0.00035491492097605715,0.5928201180295767,0.026730905917500686,22.177329861516522,22.218236086728567
scenario_020,employment,4,0.00037546727483028786,0.8041429695406807,0.027884269232019743,28.838588626783032,28.97688406197992
scenario_020,employment,5,0.0003390889605653369,0.9171025178833955,0.026557185661179428,34.53312145284999,34.70158445491549
scenario_020,employment,6,0.00030614173241116927,0.9742427502877299,0.025079199343103292,38.84664486131786,38.99386473294664
scenario_020,employment,7,0.0003598287407095002,1.160734477768548,0.02709425115898207,42.84061851193664,42.98873121030117
scenario_020,employment,8,0.0003265503088906163,1.288298291480553,0.025559653053450093,50.403590721144624,50.41482503448388
scenario_020,employment,9,0.0003001206679309476,1.39541672895871,0.02489508394212947,56.051898929220854,56.283317167688
scenario_020,employment,10,0.0004724279520311736,1.9464264319731592,0.03149584202770796,61.79947277678184,62.19555142835719
scenario_020,employment,11,0.000676244856337882,2.445981848151297,0.03723913615666584,65.68309849780078,66.02571439605825
scenario_020,employment,12,0.0007291855240098011,2.6585585687973574,0.0384426934363313,69.15640739898873,69.41526678108109
scenario_020,employment,13,0.0007974693268961719,2.7660013874852787,0.04042171390816535,68.42860235390798,68.80471043024886
scenario_020,employment,14,0.0008570539429569868,2.918360524419222,0.041882198497510625,69.6802132913983,70.06527613243473
scenario_020,employment,15,0.0008789384638749898,3.36960897383124,0.04252380185907693,79.240538863342,79.737720596135
scenario_020,employment,16,0.000979564420796497,3.485334376546356,0.04464637050703598,78.06534634202997,78.45156813433194
scenario_020,employment,17,0.0011518756497878035,4.156799922231999,0.04842077249829727,85.84745157418077,86.30589202611107
scenario_020,employment,18,0.001310362812088739,4.570742491114174,0.051427447764113364,88.87749032538396,89.21224103818021
scenario_020,employment,19,0.001370313327933359,5.224770759514286,0.05253602219906366,99.45120587388905,99.77374846090966
scenario_020,employment,20,0.0010999204732354828,5.6066071264865815,0.04745249674977796,118.15199432077968,118.8830746141388
scenario_020,employment,21,0.0010027925293477624,6.04392251457122,0.04539185520187466,133.14993378639454,134.01139982306316
scenario_020,employment,22,0.001029221787486878,6.512127159517231,0.04554373588331389,142.9862314370024,143.4259657317455
scenario_020,employment,23,0.0011235727160803233,7.970467394535368,0.04778361770021932,166.80334763558065,167.63590548768164
scenario_020,employment,24,0.00229152518209752,13.585957033034722,0.06766570319843997,200.78054894651487,200.50536017409226
scenario_020,employment,25,0.005974557061275587,23.47200068293405,0.10922831531142062,214.88934088210624,214.5020032360054
scenario_020,employment,26,0.00757503185756736,32.048613563194586,0.12300756697419427,260.54180528518265,260.1780571049868
scenario_020,employment,27,0.008390489943818413,35.970693944103516,0.1296823380387266,277.37542743377827,277.91635646961225
scenario_020,employment,28,0.00840608421990674,41.14272133304057,0.1297122656236777,317.1845093848269,317.421216012599
scenario_020,employment,29,0.010659234534654338,55.16771935580326,0.14564422995225645,378.7841054457685,375.77639898963923
scenario_020,employment,30,0.011164319518563004,64.74178084667763,0.14916143000138496,434.0383492306054,432.1085945759797
scenario_020,employment,31,0.011199844501902367,71.33329450286088,0.14925219007994867,477.93800857897213,473.254931349542
scenario_020,employment,32,0.010973467594319608,79.84400219065633,0.14774899906389333,540.4029989815916,535.4469087140744
scenario_020,employment,33,0.009826773195069971,84.27857063516545,0.13985160212002828,602.6285674069932,595.9711460830258
scenario_020,employment,34,0.008943830562535782,91.6633958736204,0.13352483235609713,686.48950353417,683.5113749864329
scenario_020,employment,35,0.010302338374784004,110.29117862632829,0.14319504665827323,770.2164369521236,760.3508173629124
scenario_020,employment,36,0.008487712173417594,122.63271085408425,0.13015866528776618,942.178613947501,939.9816270024397
scenario_020,employment,37,0.0065121112788486535,133.4835873553456,0.11393952305622489,1171.5301571823893,1163.1601281148442
scenario_020,employment,38,0.004465547788070734,146.4322980324327,0.09455557936798181,1548.6373095189056,1550.1477390166208
scenario_020,employment,39,0.018845739190059274,168.58220563718172,0.19610026325430213,859.6735304662233,872.2296380657774
scenario_021,employment,0,4.204672763596928e-05,0.11949092932768945,0.009478832331767087,12.606081123223477,12.575305480293865
scenario_021,employment,1,0.00010072307166264505,0.2497772807400352,0.014525864762236383,17.195346702482986,17.140434808994396
scenario_021,employment,2,0.00014167271872211895,0.3366432648790897,0.01775325056663899,18.96234515563548,18.852638922651703
scenario_021,employment,3,0.00019073972975813813,0.4444987197345997,0.019926648646009935,22.306747493317452,22.21430838354488
scenario_021,employment,4,0.0002467989933992998,0.6486722769974905,0.022503736593979293,28.82509197032807,28.92143187482975
scenario_021,employment,5,0.00022715841512999102,0.7470059294243397,0.021575527903384618,34.62283438761907,34.73103698827122
scenario_021,employment,6,0.0002201774557446523,0.8165700833431297,0.020991601631210142,38.89984660003551,38.91399423382937
scenario_021,employment,7,0.0002930700217591564,1.0446495917165295,0.02426027556455133,43.06008762913445,42.97929126941148
scenario_021,employment,8,0.0002761386138174782,1.1892644270759793,0.023553796656021957,50.491410979041554,50.396361449361194
scenario_021,employment,9,0.00026743063458023464,1.3109732718042937,0.023173598835963777,56.57184631028291,56.47231455453193
scenario_021,employment,10,0.000349227653535511,1.6473130285237283,0.026431494673784414,62.323869643194456,62.335699451435495
scenario_021,employment,11,0.00047758842210254837,2.0427489502652123,0.0310011411285352,65.89270187815606,66.0242684321637
scenario_021,employment,12,0.0005181830879760208,2.234500689739348,0.032276453836859675,69.23005547739419,69.35905690291031
scenario_021,employment,13,0.0005308774535732752,2.2348518823437553,0.03258035707440235,68.5950702516894,68.5530858627384
scenario_021,employment,14,0.0006264570177789697,2.4787591834449443,0.035540176935091504,69.74526851602356,69.9284636836349
scenario_021,employment,15,0.0006800386879660669,2.9542907257046345,0.03726276881537634,79.28264108182852,79.65493189812975
scenario_021,employment,16,0.0007383168683655628,3.0350081956622046,0.038582853870082784,78.66209705175686,78.88266533907034
scenario_021,employment,17,0.0008836942558778649,3.621748776021939,0.04226500473332632,85.69143192751518,85.99626783640991
scenario_021,employment,18,0.0010915648120108923,4.122631195817952,0.04686412013142109,87.96988366060974,88.20660885994099
scenario_021,employment,19,0.001118056128981637,4.672369073255666,0.04740396138868472,98.5649497717074,98.80005453386788
scenario_021,employment,20,0.0009546381116457558,5.005683281898366,0.04376643482757486,114.37265341851779,114.56899440178195
scenario_021,employment,21,0.0009601588441834341,5.746516854951132,0.04381284962942315,131.1605363165416,131.08868171969206
scenario_021,employment,22,0.0010715211468517172,6.5119079148746435,0.04628534940189157,140.69047763542468,140.63298818195994
scenario_021,employment,23,0.0014954133944078407,8.98405399339904,0.05466821280085819,164.33780314212152,164.06714705069137
scenario_021,employment,24,0.004600757051168802,19.153449437612473,0.09591331011515701,199.69542720000118,197.9058602632064
scenario_021,employment,25,0.00951739352634029,28.634145782544717,0.1376634377292149,208.0010949520839,206.5724071323125
scenario_021,employment,26,0.015400800796338543,44.41202547070555,0.1756087001902983,252.9033323666679,253.19470329085433
scenario_021,employment,27,0.014145846515491556,45.632753108632016,0.1676829159991081,272.1371633880385,269.6744451204193
scenario_021,employment,28,0.013777988721097256,52.2204937160411,0.16542908625348343,315.66694164063,311.06552574886666
scenario_021,employment,29,0.013374259308545522,61.51229602070216,0.16340790394000826,376.43403126500596,367.0665012397615
scenario_021,employment,30,0.012477791639179281,67.53276482559646,0.1575733064982305,428.5799817645816,420.9060859920594
scenario_021,employment,31,0.012017913452367024,73.39564774486442,0.15486200344167117,473.94225900292525,463.7292315606811
scenario_021,employment,32,0.010610925453348075,78.83010949121703,0.14565563898435924,541.2087718737889,529.8859236597276
scenario_021,employment,33,0.009836927127755635,85.4597779859734,0.1410128788099291,606.0423608624034,589.4526618978957
scenario_021,employment,34,0.008902175232165854,91.59853365024559,0.13363747158830994,685.4255214617384,671.3931576387353
scenario_021,employment,35,0.008552502968522613,100.58555958063924,0.13090308910599066,768.3971422492277,753.9983976725607
scenario_021,employment,36,0.006818339932398332,108.69492681705351,0.1167780949803984,930.7818117370242,918.058831614327
scenario_021,employment,37,0.004993556718337677,116.31744176896454,0.10052384023518289,1157.1129942591863,1137.5043770425286
scenario_021,employment,38,0.0033305855500812553,124.64245498440495,0.08216882834063217,1516.9068064071412,1496.5618165789463
scenario_021,employment,39,0.013492311679305535,136.57469315030917,0.1639339393785232,833.1081023738374,828.9246965325682
scenario_022,employment,0,1.1435046555541284e-05,0.06065179509986508,0.0048194852198719515,12.584704036394273,12.59208442979742
scenario_022,employment,1,0.00012278517753794294,0.2763118113696006,0.015945325093586735,17.32870353836399,17.37768262068144
scenario_022,employment,2,0.00016624774742080017,0.3515968020724433,0.018532069221543362,18.972344527167817,19.032027937156904
scenario_022,employment,3,0.00021330627056914686,0.4594520814979628,0.02071304824098577,22.181770454665664,22.21185320164294
scenario_022,employment,4,0.00026472789829823373,0.6842700404233139,0.024051389934390762,28.450332487640775,28.6421231204148
scenario_022,employment,5,0.00028842780570170756,0.8397412969507907,0.024803149926454344,33.856235979735224,34.05633539631689
scenario_022,employment,6,0.00027307397626019636,0.9004484679628948,0.023464900393273924,38.37427190703111,38.44545138911218
scenario_022,employment,7,0.00031763690787856014,1.0787150754595394,0.025202651709067925,42.80164991810831,42.786897609019654
scenario_022,employment,8,0.0002777838174410352,1.2002424836297654,0.02358783813411385,50.88395455342378,50.91797541699743
scenario_022,employment,9,0.0002588254480799801,1.3178227453030584,0.023180343832601577,56.85087135979538,57.08877210653684
scenario_022,employment,10,0.0004254547525396335,1.8564007905259807,0.029963306672065416,61.95580517342201,62.354515225456886
scenario_022,employment,11,0.0007004277520498148,2.4658472269307876,0.037517438489503445,65.72536202386732,65.8556035591568
scenario_022,employment,12,0.0007207994942671769,2.650360615538606,0.03802582193316342,69.69896982626823,69.49470247469489
scenario_022,employment,13,0.0006913388745525273,2.5274886962787635,0.0371862418691948,67.968382101353,67.86801351210012
scenario_022,employment,14,0.0007569709338418606,2.7024973951437112,0.03891305688930739,69.44962979473115,69.46135596638503
scenario_022,employment,15,0.0007475578231218583,3.070427105763025,0.03876392692429647,79.20836069470923,79.37437314488567
scenario_022,employment,16,0.0008451619010353406,3.2440599252641253,0.04138134467190555,78.39426077100315,78.70238314905403
scenario_022,employment,17,0.0009926417511075813,3.859267443729627,0.04475031908407473,86.23999834457096,86.52324305355361
scenario_022,employment,18,0.0011832979016584977,4.322656093254755,0.048731817055165064,88.70295331613535,88.87274694657265
scenario_022,employment,19,0.0011467460692650144,4.746370427579501,0.047883092924615456,99.12414043620636,98.93283152065413
scenario_022,employment,20,0.0009144691086671042,4.923764070656363,0.0427599759582997,115.14889707744705,115.10807833239632
scenario_022,employment,21,0.000854909755897082,5.540708688673007,0.041691288408293,132.89847592167195,133.5014633847358
scenario_022,employment,22,0.000899729477672917,6.12386057130258,0.0425040557875211,144.07708765290354,144.35357363652642
scenario_022,employment,23,0.0010299780930830282,7.554147199030362,0.04543406696562543,166.26614572597452,166.47979722663712
scenario_022,employment,24,0.002956301554813301,15.352110119630318,0.07683673459484494,199.80169902561565,199.23955706496497
scenario_022,employment,25,0.00748347431035834,25.862291596270378,0.1221189067264481,211.77958671217954,210.50025668919292
scenario_022,employment,26,0.013807918747228975,42.62756764566521,0.16575301860385844,257.17521167770104,255.42225714337755
scenario_022,employment,27,0.018067883892852965,52.19088868315024,0.1899485655622682,274.7632683019195,274.3232049199339
scenario_022,employment,28,0.0186481397502678,61.10141781739944,0.1936124119103763,315.5862644058349,317.0159620826332
scenario_022,employment,29,0.022609008505235728,80.01862435547406,0.21172511165971622,377.9363899171284,373.5433046369211
scenario_022,employment,30,0.023663330038462438,93.44743091896723,0.2175516685157308,429.54132025979015,429.5600759261469
scenario_022,employment,31,0.02334776698327745,102.10461440397154,0.21537692977439388,474.07405477887323,470.3007759392641
scenario_022,employment,32,0.02150044614096558,111.84061268146196,0.20652243612788684,541.5421916299972,535.6527526348757
scenario_022,employment,33,0.019391759440483547,118.9034757668966,0.19598595678154135,606.6938556186152,593.8752474597655
scenario_022,employment,34,0.017971389642172375,129.57886162041015,0.18889605018460143,685.9797306178574,679.0491806751628
scenario_022,employment,35,0.019550716997536965,151.19057932939128,0.19743446853569582,765.7760088738319,763.1799602568
scenario_022,employment,36,0.016692021357454512,171.83630730081228,0.18706596648805826,918.5866917795643,943.1699585874999
scenario_022,employment,37,0.013068588917249269,189.63190975814345,0.1654838161039536,1145.9242010651997,1174.1075624394307
scenario_022,employment,38,0.009358727426295621,219.55742945358895,0.14621137469212622,1501.6439720637725,1566.3072541995623
scenario_022,employment,39,0.04306494203967315,245.18626065151264,0.2992919628707257,819.2209984516586,843.5836441534125
scenario_023,employment,0,1.2158661927608172e-05,0.06386076154111793,0.0050401107197682975,12.67050767171514,12.683554922597944
scenario_023,employment,1,0.00023986086381555527,0.37998190233743645,0.02193835996602887,17.320433383618063,17.294182987855
scenario_023,employment,2,0.00031420715364960383,0.47760203181353506,0.025073052134283444,19.048420162637065,19.031289454051404
scenario_023,employment,3,0.0004184029535184708,0.6439673816481879,0.02893033954681756,22.25924035927973,22.262785477660014
scenario_023,employment,4,0.0004969197567176176,0.9368904928893219,0.03250510906226066,28.82286877102277,29.03730153748975
scenario_023,employment,5,0.0005230565623921546,1.14051017730347,0.03272478885847474,34.85156717850334,35.00784736125092
scenario_023,employment,6,0.00043908544378046255,1.1649381404267893,0.029770133219535675,39.13110270068717,39.226539140252136
scenario_023,employment,7,0.000630376062685567,1.5416937248592468,0.035535388504023276,43.38474376563234,43.4247335054267
scenario_023,employment,8,0.0006017944420070309,1.7561506354932417,0.0346932462841303,50.61938053045662,50.62071615731121
scenario_023,employment,9,0.0005529611507810728,1.8776480297511386,0.03325164072959332,56.46783101683364,56.449858488469715
scenario_023,employment,10,0.0007361938897277875,2.375518512827501,0.03836664033614282,61.916250472149706,61.84642628010226
scenario_023,employment,11,0.0009925323042410117,2.956608010827964,0.044916602053800235,65.82439177582036,65.37851850496999
scenario_023,employment,12,0.0011422622674888139,3.320145713880633,0.04784283650053601,69.39692452899267,69.1517218927497
scenario_023,employment,13,0.0011413325829008336,3.291103877602011,0.04824950284562228,68.21010960739082,67.66636866327951
scenario_023,employment,14,0.0012160340274240955,3.424432367982904,0.04944968561002893,69.25084205769737,68.9012807262144
scenario_023,employment,15,0.001307071966825668,4.01759735050896,0.0511428150223415,78.5564374732578,78.59322736141641
scenario_023,employment,16,0.0014708623078576455,4.243275763728154,0.054627146225847696,77.6770535693915,78.08134394299826
scenario_023,employment,17,0.0017437762465590811,5.155210091024107,0.05969133940620112,86.36445659131165,86.97926303613582
scenario_023,employment,18,0.0020974322438299664,5.855008096369692,0.06535340137437987,89.58995206430065,90.20636843577948
scenario_023,employment,19,0.0021114096456537057,6.447737113078744,0.0650150041432419,99.17306317281785,99.25432351581739
scenario_023,employment,20,0.0016718067001495474,6.680591503396676,0.05843828425138098,114.31874821408373,115.11246135285964
scenario_023,employment,21,0.0015854127151062603,7.460956080398591,0.05719205004304448,130.45442635441898,131.56911712184376
scenario_023,employment,22,0.0017170009241047612,8.373062165808948,0.05934739980095043,141.08557736129924,142.1896483368019
scenario_023,employment,23,0.0016631010510779198,9.678133003231862,0.05830914316917986,165.9796813537706,167.15555924459
scenario_023,employment,24,0.0029885742935263915,15.51820899444394,0.07725552417082239,200.86860015513048,200.35789666727072
scenario_023,employment,25,0.00547998803541494,22.219320499832644,0.10457846434938499,212.46554573224915,211.85157631834193
scenario_023,employment,26,0.007153962428570471,30.63479738062063,0.11970603519804132,255.91689951086016,256.2694750283908
scenario_023,employment,27,0.007585652505828988,33.86143048577856,0.12321111381681181,274.82448163014874,274.9929117846831
scenario_023,employment,28,0.00802955372172931,40.36332026396401,0.12647243808518233,319.1471665690379,316.8406486846916
scenario_023,employment,29,0.011006639195901835,56.16543665664227,0.14805600713274245,379.35263650792683,373.15386416710226
scenario_023,employment,30,0.010097102151125803,61.15556269130121,0.14197883180450696,430.7371874668425,429.8803058944628
scenario_023,employment,31,0.009932185680002537,67.07057668270632,0.1406002188107472,477.03038622568334,473.07605238779644
scenario_023,employment,32,0.009084718698852523,73.35482742303051,0.13449026244792747,545.428539493202,540.0089278536122
scenario_023,employment,33,0.008577303503074951,78.87573223560041,0.13072432386377372,603.3745664486731,599.8856666007696
scenario_023,employment,34,0.007741578367161606,86.0813955719845,0.12434238865667194,692.2932436955848,691.1904150525977
scenario_023,employment,35,0.007531526939235311,94.84859116844726,0.12285430606644741,772.0412430407373,773.4215267087131
scenario_023,employment,36,0.0056581412508407425,102.91288262384965,0.10762979938453633,956.1746208981192,967.3232790723556
scenario_023,employment,37,0.004479757538124907,113.63309369594995,0.09573664607821578,1186.934140173586,1199.4628070864658
scenario_023,employment,38,0.00310928164704638,127.59110904948321,0.0808489657491432,1578.1415119813744,1601.8011491846587
scenario_023,employment,39,0.012155346943438783,135.6346885279386,0.15933830604236104,851.2371688693572,870.6925584836322
scenario_024,consumer,0,9.476931717267156e-06,0.05510996523744473,0.004363142342903572,12.630797005070958,12.634321403336754
scenario_024,consumer,1,0.00015211033635376126,0.3026786394303394,0.01746730488824783,17.328296572757743,17.309137841358133
scenario_024,consumer,2,0.00022491878026265066,0.40680997103741334,0.021233802542835228,19.15860196103596,19.134314549075846
scenario_024,consumer,3,0.0003318838860146833,0.5795596326095328,0.025853259843370863,22.41727488605813,22.45860692522634
scenario_024,consumer,4,0.000417283209124375,0.8825137725611378,0.03026346825062975,29.161025605278194,29.412091335804476
scenario_024,consumer,5,0.00040176525194279833,1.030808963284729,0.029642432369137137,34.77477659215234,35.062574844099984
scenario_024,consumer,6,0.00038846998266806043,1.0997870898325035,0.028337141716792164,38.81079823872237,38.99439533769875
scenario_024,consumer,7,0.00047838450004344946,1.3402869757217322,0.03092815718772258,43.33549417725348,43.3192580800234
scenario_024,consumer,8,0.00043600037523827684,1.504175633139883,0.02952654734530588,50.943160253344566,50.916891437607184
scenario_024,consumer,9,0.00037977374366726657,1.5816877165788874,0.027792056008937954,56.91150435470535,57.09504967311568
scenario_024,consumer,10,0.0005991765113418923,2.167507641315397,0.03478098889081454,62.318746833786065,62.4947808518693
scenario_024,consumer,11,0.0008030792828211952,2.6330487073868114,0.04015018727865779,65.57998569502149,65.69482380154274
scenario_024,consumer,12,0.000904057258254598,2.952924684898703,0.0426885390404005,69.17371152252483,69.37920965747817
scenario_024,consumer,13,0.0009585765147788194,2.9792911670530606,0.043786540931159086,68.04125431458682,67.9070776683175
scenario_024,consumer,14,0.0010356485016884687,3.1413268089803985,0.04552460343657003,69.0028374076283,69.03522531088224
scenario_024,consumer,15,0.001059118495101985,3.618076364584385,0.04609154675222051,78.49761224188208,78.62678677573307
scenario_024,consumer,16,0.0011321532045467375,3.731397990885349,0.04760200213243061,78.38741699360577,78.16458511856976
scenario_024,consumer,17,0.0014072945880935217,4.556561998820443,0.05310223055935903,85.80735594010503,85.91745486750742
scenario_024,consumer,18,0.001779478648323174,5.251226419248613,0.059660131096829015,88.01902246453025,88.02801275945049
scenario_024,consumer,19,0.0018002213919725563,5.904608912587244,0.06004952407988443,98.32898766578546,98.44272432725451
scenario_024,consumer,20,0.001498996146049647,6.370967312127705,0.05477598754953398,116.30949248274955,116.38631721225427
scenario_024,consumer,21,0.0015379130763023552,7.406198254939688,0.05593933041287901,132.39697723007686,133.1818961393751
scenario_024,consumer,22,0.0015975311418027216,8.069447043543944,0.05652916729955158,142.7483798015888,142.7690849907802
scenario_024,consumer,23,0.0016934125320511306,9.669959796337277,0.05839386147502166,165.59890974967743,166.1610154911414
scenario_024,consumer,24,0.006590842758947724,23.20289111838328,0.1147086690114957,202.27670077889204,201.84433830619628
scenario_024,consumer,25,0.01260521467531206,33.74093358420849,0.15841850234813626,212.98606592088797,211.72824167336177
scenario_024,consumer,26,0.019638393345228433,50.97061447870808,0.1975477374099418,258.01669584772947,255.93629193154766
scenario_024,consumer,27,0.02621519136653727,63.30345618490951,0.22870405501496383,276.7920148191847,276.09996477633393
scenario_024,consumer,28,0.029309192807065787,76.08560069427068,0.24273173326286718,313.45551597851244,314.9412489601866
scenario_024,consumer,29,0.036971807949454205,100.83816800702483,0.27048828737526315,372.8004971510154,368.05126323816773
scenario_024,consumer,30,0.036423015344591914,115.35120932695816,0.2696584518819439,427.767824527372,426.982593679724
scenario_024,consumer,31,0.03963560467841343,132.88824201574414,0.28078725760840173,473.27020160250976,470.50009127725195
scenario_024,consumer,32,0.03630681728093399,145.05515940401392,0.26820120602585673,540.8445456059189,534.8524706600687
scenario_024,consumer,33,0.0329469214830983,154.4277682209963,0.2547825914440546,606.115854877415,592.3814115557658
scenario_024,consumer,34,0.029651434033361568,167.2578490409925,0.2421952213409481,690.5910369120653,680.6975347624987
scenario_024,consumer,35,0.030627741802524255,190.36275194923581,0.24594228144852243,774.0139305371133,760.4049027904877
scenario_024,consumer,36,0.024953668575127264,211.5604137743213,0.2253519323559508,938.8000873236563,951.7191126985724
scenario_024,consumer,37,0.01880612022981032,228.2762128417823,0.19616062832358286,1163.720848534509,1182.4898221742296
scenario_024,consumer,38,0.012845375588460661,252.6023598267547,0.16421353132452374,1538.255451845526,1576.875490218384
scenario_024,consumer,39,0.053255317689951176,273.09930146783466,0.3318563779931065,822.9442601627732,845.2315668873392
scenario_025,consumer,0,1.837973731422249e-05,0.07711221429382646,0.006104746354386825,12.631518136443818,12.640295984299623
scenario_025,consumer,1,0.0006876819312360283,0.6378280914813087,0.037084363323434684,17.199380933641287,17.177247268787784
scenario_025,consumer,2,0.0007567140151015783,0.7344555011323087,0.038933276406280214,18.864466824421584,18.81782071378414
scenario_025,consumer,3,0.000981453007788291,0.9779377080642926,0.044300069978000886,22.07530842614763,22.070065071672776
scenario_025,consumer,4,0.0009284718081350452,1.234898136536194,0.0431762083278226,28.601356727761335,28.65621919119486
scenario_025,consumer,5,0.0008096079056566508,1.4003410683268571,0.04122630899059017,33.967170542637774,34.24546594324133
scenario_025,consumer,6,0.0006791771835675808,1.4347364454920368,0.03730328203300258,38.4613998366876,38.65835970236565
scenario_025,consumer,7,0.0008386006856823114,1.7510856553478025,0.04102854425249569,42.67969257138065,42.755550344577664
scenario_025,consumer,8,0.0007182400603922279,1.9200780237241464,0.0379541500819448,50.58940905220134,50.44512420537488
scenario_025,consumer,9,0.0006388855913507241,2.047398292886717,0.0359457351468469,56.95803089080266,56.703016837923336
scenario_025,consumer,10,0.0008532905775648914,2.556224270731354,0.041310544882957385,61.87825113354826,61.87751956620946
scenario_025,consumer,11,0.0011729555437629546,3.143868430545375,0.048426125066813486,64.92091667891623,64.89310295427352
scenario_025,consumer,12,0.0012713783937701173,3.455030996913376,0.05041168609921564,68.53631100760055,68.41870096589662
scenario_025,consumer,13,0.001320488357711036,3.4494893758676883,0.05143766898101966,67.06154155509145,67.14528176488376
scenario_025,consumer,14,0.001365419224435671,3.5785876555689264,0.05234913499128411,68.3600150444653,68.49806988180778
scenario_025,consumer,15,0.0013930130627815007,4.1273991056752415,0.05281045787424059,78.15495778324745,78.21836179169914
scenario_025,consumer,16,0.0016363235138601162,4.411476424314586,0.05724422858253917,77.06412565161529,77.1409269792367
scenario_025,consumer,17,0.0019828114921827122,5.458848584419174,0.06421517359229441,85.00870244590006,85.92178658990998
scenario_025,consumer,18,0.002632895924084,6.44915573447753,0.07365404434794781,87.56010333948782,88.45789862249822
scenario_025,consumer,19,0.002563183745348585,7.172853699863815,0.07247954059070492,98.96384057356582,99.85356905642931
scenario_025,consumer,20,0.0020493886595542854,7.493566391145529,0.06476260135876438,115.70823645013168,116.62597094310023
scenario_025,consumer,21,0.0018620728131524267,8.23391412014336,0.06214446681314143,132.49633543242774,133.8243544998428
scenario_025,consumer,22,0.001793203116493447,8.668115531225284,0.0605133659854178,143.24299086773792,144.2566916707054
scenario_025,consumer,23,0.0017358687329611655,9.96362601480643,0.05942820622319195,167.6581988254276,168.697779548467
scenario_025,consumer,24,0.003404793870191547,16.60902001247388,0.0828168098809334,200.55131363249615,201.43006150611862
scenario_025,consumer,25,0.00966521558523048,29.52137442822919,0.13910608882674147,212.22201470273862,212.4316718077673
scenario_025,consumer,26,0.016737267636015463,46.99315107599115,0.18256944822266125,257.39876815905376,256.1056367585207
scenario_025,consumer,27,0.021808868154973293,57.77982010501462,0.2088405059539474,276.66960411289165,276.64813029761484
scenario_025,consumer,28,0.025327855493803675,72.00974640958128,0.2245835899514629,320.63672339169597,319.1147118018175
scenario_025,consumer,29,0.04022233637285888,107.34490309322213,0.2811706723912254,381.77844858535144,372.2137763240577
scenario_025,consumer,30,0.03868517533635685,120.95600716508308,0.27757111783579386,435.7658250187201,433.8258419074338
scenario_025,consumer,31,0.03953374421344047,134.4573597112027,0.2806658381369251,479.0656412042801,477.19041032665586
scenario_025,consumer,32,0.035583909659685276,145.0098534520518,0.26562737690327437,545.9145632600051,540.4742064431897
scenario_025,consumer,33,0.03291322309292566,154.2269251983871,0.25517953092948154,604.3859577475572,596.1729800456793
scenario_025,consumer,34,0.030528448736623193,169.8352414769721,0.24609752561137438,690.1135680054252,683.506287308958
scenario_025,consumer,35,0.03254697691257458,195.77660888809183,0.2540402084269756,770.6520558314226,762.8326005621342
scenario_025,consumer,36,0.02465998173447881,212.48105907300325,0.22289460749920445,953.2803931730903,959.4646721604993
scenario_025,consumer,37,0.019213470788612907,233.63822036961923,0.19618580257786586,1190.9027936763598,1192.7476404058184
scenario_025,consumer,38,0.013256931112589854,261.49714250671815,0.16501255794008313,1584.7105564030408,1611.0059211339178
scenario_025,consumer,39,0.05086658860076043,280.2010487301008,0.3334463109094014,840.3183348045271,889.7823462854144
scenario_026,consumer,0,2.2459795903873037e-05,0.08933812138162725,0.007187596746567147,12.429484364755973,12.461479906688982
scenario_026,consumer,1,0.00017883223519143954,0.3332028233116177,0.019542152144524438,17.050467156708663,17.131404682083947
scenario_026,consumer,2,0.0003191892043485911,0.4811531639803844,0.025749554855539016,18.685882792140113,18.772904054747723
scenario_026,consumer,3,0.0003780750878857875,0.6042475499707404,0.027720619107864344,21.79776532477643,21.86636083415486
scenario_026,consumer,4,0.00039895612874163433,0.8216756463730707,0.02908129246464202,28.254440457627204,28.438856398307273
scenario_026,consumer,5,0.00035901156042894566,0.966127938948209,0.028615127935577567,33.76283835331064,34.089914036241005
scenario_026,consumer,6,0.0003050914518160086,0.9936206931502546,0.02591564268988132,38.3405769650548,38.62962887814431
scenario_026,consumer,7,0.00034985253228614344,1.172862623104601,0.02748244402654533,42.676794755653155,42.98037736704957
scenario_026,consumer,8,0.0003376120205669242,1.3353932803954782,0.026390348685047953,50.60157773330503,50.81825165856715
scenario_026,consumer,9,0.0003301320383134465,1.4597846911173875,0.02580187073080041,56.576699664447275,56.691684785178246
scenario_026,consumer,10,0.00042076514877653626,1.8071209606644303,0.029189326967573814,61.91033327599318,62.08645236850192
scenario_026,consumer,11,0.0005606691288995158,2.204684190642876,0.033491728418688665,65.82772208951282,65.84477576849078
scenario_026,consumer,12,0.000612482564195882,2.4314254182928154,0.03500710635873043,69.45519556449834,69.34649043109675
scenario_026,consumer,13,0.0006383811882644252,2.4424831502468916,0.035828667066688934,68.1711978204667,67.94300463724731
scenario_026,consumer,14,0.0006941776509965525,2.5832800330523336,0.03727666613258149,69.30018966461247,69.3418105399498
scenario_026,consumer,15,0.0006943018110316945,2.9563287199025887,0.037325833401333074,79.20328765645203,79.32709749224885
scenario_026,consumer,16,0.0008359964260574726,3.201978084020868,0.04112922325158478,77.85165463579452,78.13750010467786
scenario_026,consumer,17,0.0009959396447342117,3.816641721713789,0.044770547505743497,85.2489400810692,85.4774304074938
scenario_026,consumer,18,0.001217706369864735,4.311772554659414,0.0494874740770784,87.12856404721089,87.36081497110581
scenario_026,consumer,19,0.001275312975589915,4.961674905117607,0.05059549271704269,98.06555166615279,98.26431694273205
scenario_026,consumer,20,0.0010115370905749987,5.271635602645384,0.044997274008821496,117.15455477618279,117.22868483102928
scenario_026,consumer,21,0.0009305100515853981,5.681128531595841,0.0431822082805302,131.56178800974666,131.71996410139536
scenario_026,consumer,22,0.0009095555431574143,6.08798430189916,0.0426423749369216,142.7684154765011,142.59612472238405
scenario_026,consumer,23,0.0009251299548074243,7.142453995529123,0.04300636651958927,166.07899186916327,165.8624304476062
scenario_026,consumer,24,0.001898647558546629,12.281457135010433,0.06172643367719273,198.96592761600454,199.39544249293783
scenario_026,consumer,25,0.0035636340907732045,18.005632316530665,0.08475234427808268,212.44996194384913,213.44980694251512
scenario_026,consumer,26,0.006212481358470745,28.712475527679555,0.11151878204655677,257.46762115544533,257.68997072873793
scenario_026,consumer,27,0.007765568411578827,34.828718930860354,0.12440681252736586,279.9582934672412,278.48259745927317
scenario_026,consumer,28,0.009458219896455455,44.128703438285285,0.13721843277529336,321.59457403619905,318.1076624952929
scenario_026,consumer,29,0.02188577063162378,79.019130054994,0.20901033700705368,378.0632632171071,377.2816442978738
scenario_026,consumer,30,0.020414436012141657,88.45335494294406,0.20108638177967797,439.8774007473999,433.03492638190176
scenario_026,consumer,31,0.020297366347365564,97.04928952946453,0.200543853991164,483.9305099509085,476.9745536922976
scenario_026,consumer,32,0.01787394675122822,103.7090790597531,0.1882388011111573,550.9442179166432,542.380584752237
scenario_026,consumer,33,0.015185893943479467,105.91567013810513,0.17374668317263925,609.5982277420775,604.5082588998238
scenario_026,consumer,34,0.01381151874842046,115.90594540543387,0.16567999752828996,699.5771797114063,692.8483573425643
scenario_026,consumer,35,0.015277081626103417,136.58929300667663,0.17447560401999623,782.8561120271145,779.5064333530718
scenario_026,consumer,36,0.012207178800386687,151.23713419893298,0.15581404472290786,970.625815329329,955.3217100637308
scenario_026,consumer,37,0.008647183891802745,158.28487124471172,0.1312552307494827,1205.931910986607,1192.0210431719386
scenario_026,consumer,38,0.005878438128527175,177.36698316834446,0.10903255652455417,1626.7341500738025,1596.226499962354
scenario_026,consumer,39,0.03491628069164587,235.0535754203703,0.262164585571799,896.5878244298415,855.5902351423678
scenario_027,data_protection,0,1.022589789123618e-05,0.05660263244164621,0.004526455035043323,12.504848055141338,12.50712891456404
scenario_027,data_protection,1,8.182494363717652e-05,0.2298672215282189,0.013162015461749357,17.464439408709474,17.40891159484566
scenario_027,data_protection,2,0.00010766227022040997,0.2853932100360256,0.014906365510809674,19.14572736251949,19.093422566999504
scenario_027,data_protection,3,0.00014618150597511814,0.38421746807514273,0.017113562369585878,22.45105138121165,22.431388274803044
scenario_027,data_protection,4,0.00019686832651355513,0.5701708889824272,0.01984998359012599,28.72399800199574,28.70199436531174
scenario_027,data_protection,5,0.00017670964301352843,0.6795457876870749,0.019756279580827492,34.396445186296155,34.59937324014692
scenario_027,data_protection,6,0.00017186217192854958,0.7795397368495123,0.019909945747769657,39.153282822824245,39.43081621295206
scenario_027,data_protection,7,0.00023926429284915063,0.9691456034573598,0.022291664781452048,43.47569429914202,43.65201999933614
scenario_027,data_protection,8,0.0002300920147889629,1.130568747922903,0.022053915186497148,51.26385670582025,51.51468083021147
scenario_027,data_protection,9,0.0002128906818539278,1.1947770244824651,0.020964613425827058,56.99017674280493,57.189591837945414
scenario_027,data_protection,10,0.0002793428124086006,1.475467973180912,0.023747832252691878,62.13063817703461,62.257017123127184
scenario_027,data_protection,11,0.00038028196295647465,1.8470411728557794,0.02824634477846659,65.39044918349431,65.76567725599016
scenario_027,data_protection,12,0.00042602898226884456,2.057035534367444,0.029656029591553865,69.36314681022893,69.698024206328
scenario_027,data_protection,13,0.0004921969162003936,2.163533847236752,0.031525302875886625,68.62848727431629,68.8083752342339
scenario_027,data_protection,14,0.0005714379073449294,2.343656557922504,0.0342176818637493,68.49255794868462,68.81778674498449
scenario_027,data_protection,15,0.0006887204721085505,2.961443598041889,0.03715382854952949,79.70762943296707,79.80057668391854
scenario_027,data_protection,16,0.0007780750878928488,3.0990917023508713,0.03955127510737639,78.35630315172531,78.5272308474607
scenario_027,data_protection,17,0.0009799895212803111,3.854487691914827,0.04452065711904902,86.57751123501747,86.90851092989713
scenario_027,data_protection,18,0.0012574192891410263,4.426085459652788,0.05028608656309179,88.01809331691719,88.2531957911216
scenario_027,data_protection,19,0.0013074977058629145,5.08475893111421,0.0512729913166853,99.17031951009893,99.43276973801535
scenario_027,data_protection,20,0.0011249073666312892,5.603340023350089,0.04811864027466559,116.44842812194427,117.26956839840979
scenario_027,data_protection,21,0.0010796314605217017,6.345196512040961,0.04791579656471611,132.42389706432203,133.83557695985218
scenario_027,data_protection,22,0.0011217949478644629,7.0220890649592835,0.04896394449085232,143.41346756226275,145.03885570344943
scenario_027,data_protection,23,0.0012894250575763433,8.637884266901494,0.05205323747145738,165.94326667266276,167.63837885230743
scenario_027,data_protection,24,0.0032511286020087127,16.22221462871231,0.08067980484244153,201.06908612870905,201.2575627871055
scenario_027,data_protection,25,0.006587767993679883,24.242880152396946,0.11480749240130081,211.1611328262254,211.24248312676878
scenario_027,data_protection,26,0.01368232714493467,42.176292740848034,0.16511154778635181,255.44120509016477,254.2925522309399
scenario_027,data_protection,27,0.01743938552553792,51.44045175690397,0.18673708078728962,275.469936340599,275.40606206051893
scenario_027,data_protection,28,0.02069561562060307,64.90289582744647,0.20385350592496007,318.3800814852686,319.54622268414323
scenario_027,data_protection,29,0.02635930910900819,86.71438431741609,0.2287080529075392,379.1488022176136,375.53937420494026
scenario_027,data_protection,30,0.026463784364566978,100.7786494080697,0.22995256197985664,438.25843269751306,437.8420075028016
scenario_027,data_protection,31,0.027176863355465763,112.35488044291115,0.2328495986162829,482.52125453762454,481.264427053835
scenario_027,data_protection,32,0.024449392468142817,120.99740435854918,0.22037235499186705,549.0589069714059,544.538357972383
scenario_027,data_protection,33,0.022478606576319837,128.3599383257661,0.21122214760089209,607.7011325928967,601.796377725506
scenario_027,data_protection,34,0.020419359109597468,140.05949090093924,0.2015685361896643,694.8479834628127,690.6834452571084
scenario_027,data_protection,35,0.02209484275799123,163.11635054337924,0.2100241709349223,776.6551336318437,775.1951962085654
scenario_027,data_protection,36,0.01702040918012393,178.90249799671227,0.1861198152095764,961.2221986963762,973.5291430325292
scenario_027,data_protection,37,0.01320947892771851,194.95438809469871,0.16358158326802089,1191.7869004561164,1203.0759624859747
scenario_027,data_protection,38,0.009171965797415083,221.32211893744142,0.13866764376968035,1596.0617265917188,1631.1037948250864
scenario_027,data_protection,39,0.05483763145865084,289.40614623865054,0.33979379853427527,851.7110891576731,884.8652939053287
scenario_028,data_protection,0,1.118448169812325e-05,0.05978500762979086,0.004738793119374574,12.616083066669365,12.61221387402375
scenario_028,data_protection,1,0.0002389180013192549,0.37669377860647085,0.02189540714942776,17.204237219051475,17.178162366038386
scenario_028,data_protection,2,0.00029841775311645335,0.46373729003941855,0.024471202693710947,18.950326873742014,18.972089603250684
scenario_028,data_protection,3,0.0003788595238128911,0.6250169319135467,0.027898960420629088,22.402875321884604,22.496502826180905
scenario_028,data_protection,4,0.00044151016701643453,0.890581930158534,0.03075382104261277,28.95841557133781,29.17542954406997
scenario_028,data_protection,5,0.00043670683266816557,1.047791007875057,0.030265956990557532,34.61945737258366,34.830838983680536
scenario_028,data_protection,6,0.0003876709745267437,1.1204810443859783,0.028738665209477987,38.988625122938714,39.25117731734989
scenario_028,data_protection,7,0.0004391457113664954,1.2900070848659977,0.0298870634910501,43.16272440925151,43.311705357777896
scenario_028,data_protection,8,0.00041552376611087016,1.4716851397130473,0.028965255432938174,50.80863668267546,50.932227894860326
scenario_028,data_protection,9,0.00041596446995462166,1.732913829061142,0.030571392401012448,56.68416427783487,57.23545958285979
scenario_028,data_protection,10,0.0006605667851531383,2.2915686999137885,0.03668993529106357,62.45769259974513,62.73154721047734
scenario_028,data_protection,11,0.0008544256547645679,2.724633549692808,0.04135460033877979,65.88465436426465,65.92341991267433
scenario_028,data_protection,12,0.0009331283706240923,3.02512855761526,0.04319024244901253,70.0419443393151,69.9839423229702
scenario_028,data_protection,13,0.0009323800596734433,2.957583982525233,0.043227505474333516,68.41902973747372,68.20649160368738
scenario_028,data_protection,14,0.001004039282851532,3.086963586189753,0.04481304627253502,68.88537698187433,68.88971910310426
scenario_028,data_protection,15,0.0009882326546233333,3.5128049602687237,0.04465551908676609,78.66451968553564,78.92628618308703
scenario_028,data_protection,16,0.001146565933737298,3.766590849782294,0.04823562006745863,78.08733140601551,78.45883052757951
scenario_028,data_protection,17,0.0013756396747383048,4.580097131750691,0.053256847724825855,86.00015448559235,86.68356659773922
scenario_028,data_protection,18,0.0016112442794472548,5.027834768258423,0.057475162112581975,87.47839211675354,88.13681469415732
scenario_028,data_protection,19,0.0015049826309742054,5.426604065734518,0.05562596806310887,97.55522923354641,98.31597827020396
scenario_028,data_protection,20,0.0012464161114420502,5.8944242902522515,0.051041309190638616,115.48340714060947,116.57214908100293
scenario_028,data_protection,21,0.0012534429323550755,6.765086510484685,0.051254401058791664,131.9903534278891,133.2809918905914
scenario_028,data_protection,22,0.0012695733571677081,7.283126601504867,0.05076518271379499,143.46696322489038,144.18728307944136
scenario_028,data_protection,23,0.0012809174092538456,8.52960713606007,0.050705096971820136,168.21991565858724,168.55759413850802
scenario_028,data_protection,24,0.00248452161524515,14.205095450313246,0.07065361417421262,201.0526370991771,201.63699097593647
scenario_028,data_protection,25,0.003664088813716937,18.38060262515125,0.08616333377272502,213.32278848023898,214.77206663158577
scenario_028,data_protection,26,0.006150727215165075,28.87436511375938,0.11097126182358265,260.19678103383745,260.45452123979214
scenario_028,data_protection,27,0.007312890085984347,33.78579397213833,0.12170915134701243,277.59452430827963,279.8722839630717
scenario_028,data_protection,28,0.007852048347802842,40.80252197555092,0.12611049239556374,323.54581447170887,326.23650623785375
scenario_028,data_protection,29,0.0092467787001842,52.64086849408833,0.13567634623652927,387.9885474091238,384.45065664379985
scenario_028,data_protection,30,0.008847295184085557,59.00623717832168,0.1329566352178004,443.8006202673656,443.34466948870636
scenario_028,data_protection,31,0.009058076661405567,65.86091007964156,0.13441152340687665,489.9945213794968,488.343189811373
scenario_028,data_protection,32,0.00808427300543979,71.08163609598995,0.1268983781515102,560.146135288838,555.5681742135273
scenario_028,data_protection,33,0.007524102000776689,75.32888899745885,0.12244634710996623,615.1991527342806,609.8128542666918
scenario_028,data_protection,34,0.006705820403314355,81.35523899214617,0.11561433795401214,703.6777655078283,698.9248355715916
scenario_028,data_protection,35,0.006966037553529758,92.89160671437241,0.1178284778297757,788.3629528726574,782.8929180234259
scenario_028,data_protection,36,0.005415289237883147,100.85466104922244,0.1040229415266604,969.542483312434,968.5756262635451
scenario_028,data_protection,37,0.004227487634995586,110.17404198128318,0.09186150929181897,1199.349355683786,1195.7149737679829
scenario_028,data_protection,38,0.002839956491102469,120.24345148143576,0.07531475064603327,1596.5458353113306,1593.0992840878978
scenario_028,data_protection,39,0.014646046066607132,144.91200511791604,0.1706605444663949,849.1242399994273,842.5361665054716
scenario_029,tax_regulatory,0,1.2134234619209927e-05,0.06205028636160815,0.004935140383975057,12.573155277019525,12.57671740561865
scenario_029,tax_regulatory,1,0.00036626348438684175,0.47212603116754903,0.02733283615800395,17.27321776775423,17.200684724536046
scenario_029,tax_regulatory,2,0.0006804296856574021,0.698528432360403,0.036952720492842615,18.903301923215672,18.847719912087936
scenario_029,tax_regulatory,3,0.0007185526366942918,0.8463707799878061,0.038002191960969565,22.27163056428633,22.316935479835525
scenario_029,tax_regulatory,4,0.0006076844527113101,1.022396933771223,0.03543748600340133,28.850718520864945,29.017505654006186
scenario_029,tax_regulatory,5,0.0005525839128146526,1.1861342263688346,0.034274105530224495,34.60729924294731,34.87741464705619
scenario_029,tax_regulatory,6,0.0004645523649245975,1.2271034627505335,0.03107128274750046,39.49317035677416,39.71353923314151
scenario_029,tax_regulatory,7,0.0004951122228528115,1.3743729846798636,0.031682343287090624,43.37977693840182,43.519398551681704
scenario_029,tax_regulatory,8,0.0004289567197829358,1.4984595680408015,0.02931389420393182,51.117724503481895,51.159948585705926
scenario_029,tax_regulatory,9,0.0004008620064072099,1.6172584559114498,0.028315071762695994,57.11652329421693,57.069397219270854
scenario_029,tax_regulatory,10,0.000515009557261692,2.0074310357826954,0.03209399590441809,62.54849167929103,62.54882146708731
scenario_029,tax_regulatory,11,0.000704307980586294,2.477502796720003,0.03756722262273383,65.94852171000635,65.78453893920202
scenario_029,tax_regulatory,12,0.000784214942446404,2.756027769578118,0.039614252879778794,69.57162054632464,69.43259165522925
scenario_029,tax_regulatory,13,0.0008691891425167686,2.832888870280269,0.041697108942631254,67.93969515195607,67.94946326719342
scenario_029,tax_regulatory,14,0.000883115370901022,2.899715313819154,0.042088362866323496,68.89589226905584,69.0035196352606
scenario_029,tax_regulatory,15,0.0008987032096806624,3.304975311110254,0.0423999685344894,77.94758876818243,77.96143773571926
scenario_029,tax_regulatory,16,0.001047245938505914,3.554983327157271,0.04578364049378982,77.64745854230345,77.69482629868045
scenario_029,tax_regulatory,17,0.0012946524559979133,4.340800432501884,0.051099753736719086,84.94758027341894,85.24989210887297
scenario_029,tax_regulatory,18,0.001819341197359603,5.298767742118934,0.06044372534216893,87.66447984671483,87.87765551783565
scenario_029,tax_regulatory,19,0.001812976524091514,5.877935507461397,0.060212790709253464,97.61938349351544,97.60904246791597
scenario_029,tax_regulatory,20,0.0014663431384864811,6.209569181484093,0.054185167997650684,114.59905747184031,114.69968452199247
scenario_029,tax_regulatory,21,0.0013460344803112312,6.83002378852836,0.05206907741626846,131.1723603997329,131.59592642622852
scenario_029,tax_regulatory,22,0.001378288008791806,7.408412988708822,0.05248916168101481,141.1417662513064,141.04040230240548
scenario_029,tax_regulatory,23,0.0014574119246497652,8.876256964761314,0.0540946872082624,164.08740715309207,163.2445789808264
scenario_029,tax_regulatory,24,0.004218217771150501,18.319642265052916,0.09188043095592223,199.38568065534426,197.58071854369427
scenario_029,tax_regulatory,25,0.008191149144905041,26.692747071804067,0.12773266658346613,208.97353657266567,207.12465107505085
scenario_029,tax_regulatory,26,0.010451913825529235,36.64225312460887,0.144238381929465,254.03954644005609,252.19272275146685
scenario_029,tax_regulatory,27,0.012836842069379073,43.555176895197526,0.16004711188301257,272.1397242521593,271.45051629961466
scenario_029,tax_regulatory,28,0.012980253136938846,50.338478539340606,0.16064600468518447,313.3503297389073,310.50138909571285
scenario_029,tax_regulatory,29,0.013960117627841662,62.06255497061441,0.1665151068046756,372.71426095540147,366.9932781361427
scenario_029,tax_regulatory,30,0.013793020209066365,70.7762804674168,0.16573298462780608,427.05005660980663,424.77404306842897
scenario_029,tax_regulatory,31,0.014135547440887186,79.04356082961263,0.16757788992092135,471.68251651165104,466.5842485102991
scenario_029,tax_regulatory,32,0.01293681952286796,86.24544640394932,0.16035480898946525,537.8413466203895,532.3451930686845
scenario_029,tax_regulatory,33,0.011992893785737091,92.62569977151142,0.15440850303773188,599.8743459670549,592.78002812297
scenario_029,tax_regulatory,34,0.010798182398901846,99.66356248992561,0.1468122474500182,678.8504652778086,677.3626447785991
scenario_029,tax_regulatory,35,0.011195757184909394,113.6752152089166,0.1492542104314222,761.6214971781109,755.5800622184389
scenario_029,tax_regulatory,36,0.009233850276913036,125.75749960532978,0.13595168973241345,925.0160836753971,925.7444376980562
scenario_029,tax_regulatory,37,0.0071889136515768115,137.15763131999913,0.11999890471620987,1142.9906934931498,1144.5789542522277
scenario_029,tax_regulatory,38,0.005071489787243477,153.40540645555495,0.10171576039260755,1508.1773548507442,1523.3433569830886
scenario_029,tax_regulatory,39,0.020348452888370727,174.3435880759746,0.20350261630262115,856.7142341635291,868.0862495054117
scenario_030,tax_regulatory,0,1.0031716326741602e-05,0.05619225871508856,0.004482128127303243,12.536959479758936,12.53886069237937
scenario_030,tax_regulatory,1,0.00010352706140559498,0.2530785430615511,0.014745409437182765,17.163208939005486,17.10612580333871
scenario_030,tax_regulatory,2,0.00017069598437879918,0.34908804945519456,0.0184760386054441,18.89409612687934,18.89151750977175
scenario_030,tax_regulatory,3,0.00023384819942029456,0.48129207239329946,0.021704197422497344,22.175068859925652,22.21095488725301
scenario_030,tax_regulatory,4,0.00026562109269390177,0.6749574068188944,0.023164502811287478,29.137573653858208,29.197684990576047
scenario_030,tax_regulatory,5,0.0002573464936942438,0.7986308598383717,0.022956517300073722,34.78885100031297,34.902278478700296
scenario_030,tax_regulatory,6,0.00025454519359879857,0.892933628646475,0.022725012478358144,39.292987385456804,39.38987834642727
scenario_030,tax_regulatory,7,0.00032822564296897117,1.1165157396940146,0.025737319155364927,43.38119805540344,43.47380425748025
scenario_030,tax_regulatory,8,0.0003094571081816433,1.287987459180163,0.02549073384407971,50.52767280292723,50.793177000574296
scenario_030,tax_regulatory,9,0.00028745268350616193,1.377503744240785,0.024260329974612693,56.78009102441222,56.97424575372937
scenario_030,tax_regulatory,10,0.00043289736464713346,1.8399803719976138,0.029431602043905165,62.517166726187284,62.53900545062426
scenario_030,tax_regulatory,11,0.0006231376988667936,2.34505200758921,0.03557854902772799,65.91196301348894,66.16526023624019
scenario_030,tax_regulatory,12,0.0006967730361892022,2.6111550564431583,0.03765200573209761,69.34969348039802,69.64542634258702
scenario_030,tax_regulatory,13,0.0009577680410776113,3.011121818057371,0.04433681447751971,67.91470820674573,68.33530813511632
scenario_030,tax_regulatory,14,0.0010203954777709967,3.15862138670267,0.04560806057785246,69.25577072743398,69.62500168094192
scenario_030,tax_regulatory,15,0.001120353072274316,3.727045295338471,0.047745962715986356,78.05990461452309,78.4675368803603
scenario_030,tax_regulatory,16,0.001280596006017265,3.9326351077502952,0.05087143716493258,77.30536676210113,77.6179875651357
scenario_030,tax_regulatory,17,0.0015246169736566895,4.672872482001854,0.05544262202666321,84.28303552733487,84.59227963650432
scenario_030,tax_regulatory,18,0.0017249352930573947,5.072415542259871,0.05872055263798316,86.38228549264025,86.32822821945929
scenario_030,tax_regulatory,19,0.0018668265892011204,5.903425905231445,0.06114550573656994,96.54717602083255,96.65014901502944
scenario_030,tax_regulatory,20,0.0016345931386696488,6.389048139896987,0.05765059576091945,110.82362732889632,111.47973937362715
scenario_030,tax_regulatory,21,0.0015480541080817867,7.165459809123125,0.05562803984642467,128.8102156557232,128.72362590604646
scenario_030,tax_regulatory,22,0.0015855275901424104,7.88302604832157,0.056289958398053605,140.04320260066402,139.84001876525787
scenario_030,tax_regulatory,23,0.002463479427151305,11.54450275729731,0.07039866825496248,163.9875162906015,164.55484056318508
scenario_030,tax_regulatory,24,0.009062095726966257,26.70761966294251,0.1344253055639416,198.6799996540725,195.82648410697846
scenario_030,tax_regulatory,25,0.01718874008476523,38.4506065653885,0.18466980374957087,208.21274396073454,205.58591106446517
scenario_030,tax_regulatory,26,0.028244131929307525,60.44869274545306,0.23647501714950195,255.62401252406622,252.28002872322642
scenario_030,tax_regulatory,27,0.035494735467447636,72.64898428119928,0.26547354589043265,273.6580928902922,271.4221445783577
scenario_030,tax_regulatory,28,0.03784748080018785,88.2899470422317,0.27285309765347554,323.58051933997194,315.75021893170725
scenario_030,tax_regulatory,29,0.04779121345077142,118.53817221078994,0.3054482868701647,388.07934863676724,369.71833103921324
scenario_030,tax_regulatory,30,0.04884173838173389,135.58851700399043,0.30994045762452777,437.4663380288575,428.20043840382004
scenario_030,tax_regulatory,31,0.04929075750936884,150.44772451968106,0.3113531952241094,483.20597580953057,472.96016219786145
scenario_030,tax_regulatory,32,0.0452565461797475,164.16504107394977,0.2980086684497087,550.8733753550324,536.1633295031598
scenario_030,tax_regulatory,33,0.04400938925504083,178.74679570377117,0.29409420789048357,607.7875419101551,593.3377000600534
scenario_030,tax_regulatory,34,0.04001937256062682,194.0756652783037,0.28141681710075245,689.6377667750431,681.0287454466539
scenario_030,tax_regulatory,35,0.04051647291353622,218.9003749030431,0.2843898119424774,769.7194685276536,768.2068482101888
scenario_030,tax_regulatory,36,0.031538663218607876,239.99003105333472,0.2557259531840319,938.4656819741214,962.8855720149423
scenario_030,tax_regulatory,37,0.024408858600498906,263.3800490094076,0.22628334861697108,1163.939152479266,1199.0911976406169
scenario_030,tax_regulatory,38,0.017874164449882213,301.83701605492416,0.19918442224392754,1515.364568446447,1587.0171193213282
scenario_030,tax_regulatory,39,0.06932151456974411,315.72708176923254,0.393671829572229,802.0057775338087,863.0178325382353
