scenario_id,area,layer,cosine_distance,l2_distance,relative_l2,control_norm,partner_norm
scenario_001,civil_procedure,0,1.6022617199684674e-07,0.7634957353092857,0.0005664917671131933,1347.7613967807729,1347.7322556008705
scenario_001,civil_procedure,1,2.3724925922730122e-06,8.150784781385049,0.006280362885360637,1297.820672175539,1305.4624044713794
scenario_001,civil_procedure,2,2.673986796764005e-06,4.525661573069801,0.004088054843777331,1107.0452197965437,1110.7742050584545
scenario_001,civil_procedure,3,4.965673775725321e-06,4.646667790330529,0.00460474054284515,1009.105235592595,1012.488221344972
scenario_001,civil_procedure,4,2.166446470996952e-06,2.9209022510788083,0.002081559117943494,1403.228102387289,1403.2245899912905
scenario_001,civil_procedure,5,1.7145972234011708e-05,7.1083350552808,0.005872520419817103,1210.4402449233519,1210.9537950289002
scenario_001,civil_procedure,6,2.452345848313886e-05,11.131722817045738,0.009705630486684859,1146.9345378764763,1154.6133458599534
scenario_001,civil_procedure,7,8.538600919760775e-06,8.614695102969067,0.004136033294582806,2082.8398829023486,2083.180700742976
scenario_001,civil_procedure,8,2.7488870075753624e-06,18.317136247617363,0.004901413139449976,3737.1133031387076,3753.188290161681
scenario_001,civil_procedure,9,3.041133457060141e-06,18.676985465962332,0.004860196468498349,3842.84577527232,3858.9278845848667
scenario_001,civil_procedure,10,3.408094288781527e-06,34.90740441775799,0.006442004678819086,5418.717644296562,5450.611351289863
scenario_001,civil_procedure,11,3.7533547937451672e-06,37.21555887293773,0.005348587579460781,6958.01617156835,6926.028066544335
scenario_001,civil_procedure,12,4.648584952526846e-06,68.52084111853192,0.008546184231548334,8017.711678340196,7953.663075747312
scenario_001,civil_procedure,13,3.4610145318580976e-06,70.64778678718392,0.006284778722294011,11241.093745524382,11176.895440393571
scenario_001,civil_procedure,14,2.875716468397904e-06,73.645525237702,0.004843771521422461,15204.16991428916,15140.140841124063
scenario_001,civil_procedure,15,3.47240209386257e-06,137.56014778140084,0.0071040541966464615,19363.611815678076,19235.799330236976
scenario_001,civil_procedure,16,4.2334031531421346e-06,141.28032193536168,0.006843455111202481,20644.589558875174,20772.37550544443
scenario_001,civil_procedure,17,4.1893526727676544e-06,151.26007072560313,0.005413219444099129,27942.719168809886,28070.42059857513
scenario_001,civil_procedure,18,3.878820770575331e-06,272.50972380525195,0.008054243366855814,33834.30465072144,34089.87035861734
scenario_001,civil_procedure,19,4.624231602523565e-06,281.5160732863848,0.00727396597828483,38701.8682967177,38957.42095384474
scenario_001,civil_procedure,20,7.217838129514043e-06,544.4090861110914,0.011180105033034484,48694.451841238995,49206.10840766501
scenario_001,civil_procedure,21,1.4424203708673922e-05,380.896741921934,0.007283848768799404,52293.33474817835,52549.86288701445
scenario_001,civil_procedure,22,5.246477499953883e-05,1398.5726975235077,0.025969954837988224,53853.489782651035,55135.8480408675
scenario_001,civil_procedure,23,0.00011837408662840332,1152.0274834202273,0.017267940395059894,66714.81699982041,67229.88728788558
scenario_001,civil_procedure,24,0.00010901195547785569,1169.1477768546392,0.016507155368287025,70826.72639652774,71341.7534660577
scenario_001,civil_procedure,25,0.0005423801161293929,2854.1742358684182,0.03969111704537751,71909.64750640142,73463.92459397308
scenario_001,civil_procedure,26,0.002052863591476828,5978.694708753006,0.08241055323141118,72547.68320708467,76161.44398156976
scenario_001,civil_procedure,27,0.0028504904335896475,7144.985804114044,0.10265334333120359,69603.05015162793,74249.36627916706
scenario_001,civil_procedure,28,0.003151776424762609,6621.0437316856105,0.09711981578803065,68173.97333347917,71778.4530118641
scenario_001,civil_procedure,29,0.006428046892262729,8565.727156297984,0.12813144976449103,66851.09059518186,70434.04622181664
scenario_001,civil_procedure,30,0.00645726478244657,7994.820928321184,0.12829289563116275,62316.941939684584,65646.40570442266
scenario_001,civil_procedure,31,0.00736878367617988,7758.900490258511,0.1296708160100462,59835.364108893955,62156.77894951246
scenario_001,civil_procedure,32,0.009389111447968501,8180.495528645014,0.14508642898797322,56383.60242034165,58593.318931854345
scenario_001,civil_procedure,33,0.009023609313426606,8243.17767151044,0.14231212748454147,57923.22704476362,60170.557970675196
scenario_001,civil_procedure,34,0.0097783856434005,8453.939453938123,0.14976729973021133,56447.164829485,58970.97218241125
scenario_001,civil_procedure,35,0.012130595597159566,9182.375110454697,0.16562921421653956,55439.3447671006,57960.73388106193
scenario_001,civil_procedure,36,0.013943567113678612,9414.686286026123,0.1755870863523799,53618.32969385972,55874.33712446751
scenario_001,civil_procedure,37,0.013772200918873101,9616.231227482253,0.17443960146550255,55126.422823110915,57423.843412563256
scenario_001,civil_procedure,38,0.01283610538883273,9909.228015165494,0.16413745982992226,60371.52046481861,61882.47501543831
scenario_001,civil_procedure,39,0.011639179941396405,10228.387226246843,0.15456823967040567,66173.9258210962,67214.0911838929
scenario_001,civil_procedure,40,0.01151884641873857,12075.471125163329,0.15259626854313432,79133.46270161227,79765.77368869206
scenario_001,civil_procedure,41,0.012258356613807142,14484.905994552943,0.16920072940359906,85607.82241075159,90147.52092111112
scenario_001,civil_procedure,42,0.014583766855265523,16021.796287347259,0.17846753508123583,89774.29020944549,93296.04562862728
scenario_001,civil_procedure,43,0.01550630744896675,17687.70352195429,0.18333650687224512,96476.71281464776,100122.21392026155
scenario_001,civil_procedure,44,0.01573082586886443,20568.869452723615,0.20160915162620682,102023.49093189629,110326.97399325091
scenario_001,civil_procedure,45,0.01724479336424667,23620.891736495923,0.22039324115563666,107176.11671138041,118180.52283889976
scenario_001,civil_procedure,46,0.012173899654374098,22537.20859572388,0.16579270376614258,135936.070066832,142075.47536662887
scenario_001,civil_procedure,47,0.02956076333102231,22226.831990237963,0.25683575319482826,86541.03532609544,91585.09831278717
scenario_002,civil_procedure,0,4.428230981567971e-06,16.06755037603069,0.011784313952696324,1363.4693067859362,1347.9165131369361
scenario_002,civil_procedure,1,7.102580979134743e-06,16.163594490985865,0.012305694039968099,1313.5053121333551,1298.1091780576915
scenario_002,civil_procedure,2,1.2049806876635039e-05,12.363102621969608,0.01105288657990475,1118.5406212750759,1107.4503807733613
scenario_002,civil_procedure,3,1.7395440089384984e-05,12.417747459925343,0.012083670490067696,1027.6469778063085,1016.7912246417354
scenario_002,civil_procedure,4,8.958362981204004e-06,16.365038432196716,0.011533413022007982,1418.924164162773,1403.6883757134742
scenario_002,civil_procedure,5,1.5921307369715088e-05,10.191529520432665,0.008360023759097555,1219.079013901369,1211.5399880357143
scenario_002,civil_procedure,6,1.8763866746929203e-05,7.2150583019094565,0.006126955812731517,1177.5926777400475,1177.4404795661355
scenario_002,civil_procedure,7,7.485241927174258e-06,11.271281976259178,0.005368732015451238,2099.430916615017,2107.2291629238466
scenario_002,civil_procedure,8,2.542600562205344e-06,18.006777074094813,0.004797426088748032,3753.4245949777587,3769.3085344772426
scenario_002,civil_procedure,9,2.4452775509997693e-06,18.136802660000107,0.004719408802597259,3843.0242894022613,3859.037248219593
scenario_002,civil_procedure,10,2.476505086890235e-06,34.190157289289644,0.0062727133326647795,5450.616898312002,5482.569271415345
scenario_002,civil_procedure,11,2.700000696576055e-06,16.242851304310413,0.0023237888187256656,6989.813864935358,6989.790734426146
scenario_002,civil_procedure,12,3.6801706496669695e-06,21.837206393857276,0.0027130029387707967,8049.090578483208,8049.000085885738
scenario_002,civil_procedure,13,3.0476900673148677e-06,69.75663144921879,0.006205744269551394,11240.655176765995,11176.622298983644
scenario_002,civil_procedure,14,2.698513342003217e-06,73.04560927207325,0.004824663785848351,15140.041361292326,15075.980574057461
scenario_002,civil_procedure,15,3.5669514624192544e-06,52.05941846916591,0.002670937779441852,19491.06372670531,19491.07785518914
scenario_002,civil_procedure,16,4.723368516090787e-06,63.45240464915227,0.0030735523170970437,20644.64765938417,20644.61250509593
scenario_002,civil_procedure,17,4.751076695064249e-06,86.13657038996226,0.0030825630658995414,27943.165654204135,27943.256854424253
scenario_002,civil_procedure,18,4.3068154850223195e-06,274.3957267561952,0.008171640990599374,33579.02373242523,33834.96646016441
scenario_002,civil_procedure,19,5.433703757495856e-06,778.1132419001146,0.020238686036990118,38446.82606756002,39214.33879515708
scenario_002,civil_procedure,20,7.3918904767156235e-06,1041.307720616853,0.0213845667906373,48694.35658022138,49718.334217379175
scenario_002,civil_procedure,21,1.937293227527448e-05,1074.8145861052255,0.020756810754388514,51781.29717630068,52805.641770600545
scenario_002,civil_procedure,22,7.371859330163044e-05,1909.424789191118,0.035795753931794884,53342.21463331461,55134.50110366315
scenario_002,civil_procedure,23,0.00021916822117284962,2693.9207829904867,0.04117074424810262,65432.890082249076,67738.18147111443
scenario_002,civil_procedure,24,0.0002185327795024561,3412.6131743615374,0.04924975626718121,69291.98097647472,72366.76409268215
scenario_002,civil_procedure,25,0.0006823219338526476,3727.65976959189,0.05183511497978411,71913.79378719795,74480.15491170394
scenario_002,civil_procedure,26,0.0019658616810319662,5324.05861780368,0.0728749208815791,73057.48745106994,75630.67730025515
scenario_002,civil_procedure,27,0.003123377455943044,5686.735037174665,0.08111213864790405,70109.54379910942,71187.45840698903
scenario_002,civil_procedure,28,0.0034944725257282094,5868.397909327685,0.08418037003835695,69712.18951227867,68738.76185472793
scenario_002,civil_procedure,29,0.007082275810014305,8141.964123592033,0.11910064056583515,68362.05149620003,68452.17286266107
scenario_002,civil_procedure,30,0.006904590610912864,7669.220608250254,0.11960636977061655,64120.50313840673,65173.55327591928
scenario_002,civil_procedure,31,0.00792688362434113,7925.887075454071,0.12801953216891582,61911.54538040517,62934.85423645492
scenario_002,civil_procedure,32,0.010223618775979992,8451.001681148113,0.14484456624083383,58345.31388009812,59221.65230046077
scenario_002,civil_procedure,33,0.009840224835935496,8572.214441453698,0.14373424957519773,59639.33068693523,61008.70436164096
scenario_002,civil_procedure,34,0.011252515545532638,9168.35963578995,0.15232906757062398,60187.85371701461,57781.056821705824
scenario_002,civil_procedure,35,0.01425307413958532,9997.009167226557,0.16969154034274586,58912.83175952335,56766.0999122861
scenario_002,civil_procedure,36,0.016318184538138047,10294.847624160677,0.18032282853708578,57091.2052992969,55469.186177585136
scenario_002,civil_procedure,37,0.016316420291149658,10503.42439826774,0.18002909269477907,58342.92802927815,57004.59676948207
scenario_002,civil_procedure,38,0.015143428853090168,10909.22370461412,0.1736590603753963,62819.778484530594,62496.46516840545
scenario_002,civil_procedure,39,0.013693640049712408,11311.83284703334,0.16668567891554378,67863.25568356004,68574.44345799672
scenario_002,civil_procedure,40,0.013242406538832574,13270.569181476736,0.1645749202995787,80635.42827376175,81813.07192029934
scenario_002,civil_procedure,41,0.01432645792392151,15180.54469545584,0.16870545027137723,89982.53862596986,88358.40534769575
scenario_002,civil_procedure,42,0.017041143945690895,17053.583665850965,0.18493404872610217,92214.40715391621,92507.23943497318
scenario_002,civil_procedure,43,0.018394881836482524,19423.450476433412,0.19928270420272096,97466.81506627312,101240.81075348402
scenario_002,civil_procedure,44,0.017859142173566656,20150.00045053193,0.18984098681518707,106141.4649627177,106931.615340965
scenario_002,civil_procedure,45,0.021152533983563537,23157.299543745434,0.20767460711696997,111507.61214972417,113124.47407178009
scenario_002,civil_procedure,46,0.014905498647204474,25702.73970645514,0.19201837097265018,133855.62837691227,143283.14620851487
scenario_002,civil_procedure,47,0.05357220225531756,39481.850300890736,0.5805087149019392,68012.50228872118,97178.58982527455
scenario_003,civil_procedure,0,3.7175897249497325e-07,1.1632485289075605,0.0008630809742003997,1347.7860869140936,1347.735319380244
scenario_003,civil_procedure,1,1.0656986298984705e-06,1.9021743523146484,0.001465311713716144,1298.1363176921495,1297.9720593146956
scenario_003,civil_procedure,2,2.058583421060689e-06,2.2610529595913484,0.002048177662854921,1103.9339997682155,1103.6236739875587
scenario_003,civil_procedure,3,8.34995867060595e-06,8.419904473965246,0.008194937596034043,1027.4519330128978,1020.1450339986465
scenario_003,civil_procedure,4,2.5022761293014284e-06,3.1586388300377943,0.002238367722507938,1411.1349079403074,1411.0244275342823
scenario_003,civil_procedure,5,9.7681119604065e-06,5.353877027967759,0.004420062037729868,1211.267394499625,1211.2902462695615
scenario_003,civil_procedure,6,1.6967847309090622e-05,9.984246942097402,0.008698488410940695,1147.8140189897267,1155.2091279015206
scenario_003,civil_procedure,7,5.2369504658367205e-06,10.489453069483533,0.005034339939201791,2083.580607619172,2091.604514820111
scenario_003,civil_procedure,8,1.793313606168745e-06,17.507935908634852,0.004704283265183777,3721.701037480125,3737.720881346059
scenario_003,civil_procedure,9,1.957559580656465e-06,17.791198603474015,0.0045913573211489225,3874.932260559067,3890.9789860793576
scenario_003,civil_procedure,10,2.425578342180046e-06,12.006402820843775,0.002202651892950208,5450.885298431124,5450.996920069019
scenario_003,civil_procedure,11,2.4420964425120317e-06,15.378013263227464,0.002210100145191001,6958.061740635951,6958.175983138284
scenario_003,civil_procedure,12,3.6394675436701718e-06,67.32083894652818,0.008363254411237166,8049.59835444842,8113.290719283976
scenario_003,civil_procedure,13,3.030864798692079e-06,27.833832727856578,0.0024620933225289942,11304.946272006633,11304.759028594968
scenario_003,civil_procedure,14,2.7159121963604704e-06,35.286753601115116,0.002330629278231277,15140.44036548548,15140.33903279192
scenario_003,civil_procedure,15,3.4134807019858826e-06,50.92911673113509,0.002612865467857145,19491.67201972435,19491.815598977842
scenario_003,civil_procedure,16,4.150534007818507e-06,59.85015230966132,0.0028811789430018228,20772.799431646912,20772.960150056122
scenario_003,civil_procedure,17,4.1274982919281555e-06,151.00775512776323,0.00540408197357524,27943.276187548152,28071.057817291206
scenario_003,civil_procedure,18,3.872335899379742e-06,272.63332109026453,0.00805790176360441,33834.282061079866,34090.0087478876
scenario_003,civil_procedure,19,4.864448092334328e-06,282.9224675619428,0.007310145066957172,38702.71587916771,38958.4030549416
scenario_003,civil_procedure,20,7.22175336509423e-06,545.4333919983719,0.011084671625631181,49206.09382213557,49718.11188630362
scenario_003,civil_procedure,21,1.295252707589345e-05,369.19262423106596,0.007094830739009481,52036.84736284624,52293.383530976585
scenario_003,civil_procedure,22,4.161081316056414e-05,912.5105967290459,0.01702465504996536,53599.35893273224,54367.579058876254
scenario_003,civil_procedure,23,7.606177356178634e-05,1740.2804062681382,0.02649097226668607,65693.33842294046,67228.50213086217
scenario_003,civil_procedure,24,0.00011812565340141301,1884.2809120690495,0.026994430331095078,69802.58108645963,71343.35839939503
scenario_003,civil_procedure,25,0.0003884209877882405,2541.256138586163,0.03559346779974411,71396.69989122085,72949.72994254835
scenario_003,civil_procedure,26,0.0008790213594057628,4777.721737430973,0.06540461481924041,73048.69466222261,76651.85778485336
scenario_003,civil_procedure,27,0.0016842877514450239,5885.822636434352,0.08458791666004542,69582.30996619974,73748.4552946861
scenario_003,civil_procedure,28,0.0023299804071570396,5767.396216427966,0.08335398059628948,69191.61118844878,72343.91153615118
scenario_003,civil_procedure,29,0.0027329759858294445,6325.203093687317,0.09324165170788822,67836.66931923522,71509.93542538836
scenario_003,civil_procedure,30,0.003318401328384679,6781.075508516353,0.10622127577747438,63839.14577266233,67983.90546143572
scenario_003,civil_procedure,31,0.004695318790037484,7135.271367672426,0.11622920853671573,61389.658051559905,65051.70251649976
scenario_003,civil_procedure,32,0.0055564173170770115,7461.138371080125,0.12846212319032327,58080.45348920525,62033.87435288696
scenario_003,civil_procedure,33,0.005652801546625397,7236.725141722615,0.12186380831801141,59383.71073089984,62599.717859014825
scenario_003,civil_procedure,34,0.006438219669669398,6742.685102608925,0.11345876241547782,59428.50916985766,58680.02563988269
scenario_003,civil_procedure,35,0.006780287000476171,6774.201921484916,0.11647332605089838,58160.97256915816,58183.74033312784
scenario_003,civil_procedure,36,0.0075613088653041505,6931.111714635234,0.1230000725744963,56350.46849616559,56373.684395239485
scenario_003,civil_procedure,37,0.007918895402909354,7276.925151942285,0.12632989021567567,57602.56056202388,57928.109135255734
scenario_003,civil_procedure,38,0.0075596419209610355,7634.406521425697,0.1235187869701444,61807.65459808961,62202.96558849096
scenario_003,civil_procedure,39,0.007599493904981824,8308.509099120298,0.12427237386485519,66857.24944914714,67511.76828286548
scenario_003,civil_procedure,40,0.006526552889123516,9048.859428241443,0.11432090705755033,79153.14583434991,78029.80012706015
scenario_003,civil_procedure,41,0.0058285067795442735,9596.072362869432,0.10781469064560924,89005.23950314031,88399.01764819752
scenario_003,civil_procedure,42,0.006416835589483361,10328.689881187409,0.1132155644230197,91230.29977216909,91103.48558649179
scenario_003,civil_procedure,43,0.0063359624018202165,11001.626610138552,0.1134060459481779,97010.93551190263,97864.80323346274
scenario_003,civil_procedure,44,0.006586358537315484,12271.79397440297,0.11562763942528442,106132.01164876054,107078.5958730025
scenario_003,civil_procedure,45,0.007925701194415713,14809.903882220517,0.13172526534656553,112430.245202058,115984.00630104852
scenario_003,civil_procedure,46,0.0062534137995288175,16417.408943346876,0.1208731496088831,135823.4562139708,141261.1169296687
scenario_003,civil_procedure,47,0.021717248742833317,27820.32622709662,0.36936982098447024,75318.35208666464,96709.77044814076
scenario_004,civil_procedure,0,6.178732816497501e-07,1.4850464795345286,0.0011142491969243977,1332.7776978737097,1332.8784202499871
scenario_004,civil_procedure,1,1.2939258503541495e-06,2.0786394017258316,0.0016103090737764985,1290.8325709492553,1290.9243884209034
scenario_004,civil_procedure,2,2.0961790637707978e-06,2.2612481849803627,0.002053541978600651,1101.1453423130165,1101.31602585077
scenario_004,civil_procedure,3,3.5666649342847023e-06,2.6728215548664,0.002676359014976112,998.6782565082198,998.8464568518444
scenario_004,civil_procedure,4,5.092747994983604e-06,8.625119672338947,0.00617921310641291,1395.828161904244,1388.4353936334921
scenario_004,civil_procedure,5,1.644789192456475e-05,9.877867524709943,0.008213923746752895,1202.5759952562055,1195.4852086613485
scenario_004,civil_procedure,6,1.7312181768813772e-05,6.65938385381797,0.005887986200114316,1131.0121368301911,1131.2306545221295
scenario_004,civil_procedure,7,6.099303870743533e-06,7.223159759017959,0.00349513867138781,2066.630379546534,2066.8905681249785
scenario_004,civil_procedure,8,2.1733045766358927e-06,17.703028186220248,0.004777822219611152,3705.250503787273,3721.1711419526196
scenario_004,civil_procedure,9,2.2762554989785855e-06,8.266960680845221,0.0021337255092006343,3874.425574047856,3874.481439433326
scenario_004,civil_procedure,10,3.1888405193081226e-06,34.55960399789135,0.006340653283930603,5450.480013704152,5418.762473859274
scenario_004,civil_procedure,11,3.143468722766052e-06,36.243019572124595,0.005209069512366879,6957.67631552619,6925.886363476504
scenario_004,civil_procedure,12,3.794614085839143e-06,22.173417060615787,0.002754853454452076,8048.8553845873985,8048.809187034409
scenario_004,civil_procedure,13,2.9438742275011975e-06,69.55128571504925,0.006152763128397058,11304.073351052119,11240.125804598376
scenario_004,civil_procedure,14,2.2632810185996277e-06,71.52131854574343,0.00470437317396565,15203.155851144571,15139.332344444476
scenario_004,civil_procedure,15,3.141716033883135e-06,49.17722738716646,0.002506699795162735,19618.315476813557,19618.470236092264
scenario_004,civil_procedure,16,4.463851340674729e-06,142.1767364806507,0.006887053281293018,20644.05932023769,20772.066542498942
scenario_004,civil_procedure,17,4.665613579812877e-06,153.63845667554776,0.005523763641499913,27814.08956771167,27941.967355753808
scenario_004,civil_procedure,18,4.643826664540995e-06,275.90648798273946,0.008154818972716076,33833.55153631877,34089.30993744884
scenario_004,civil_procedure,19,5.022656422770666e-06,284.1864284145336,0.007294734122237395,38957.75002247371,39213.51553939545
scenario_004,civil_procedure,20,6.026300614747626e-06,786.901062171105,0.0159921837487022,49205.35397393515,49973.19285950766
scenario_004,civil_procedure,21,1.1450634942455906e-05,570.6855906645808,0.010913432965607641,52292.03243956573,52804.32728903116
scenario_004,civil_procedure,22,4.121898439868321e-05,1138.6194671318867,0.02114348918355954,53852.01360318706,54878.08657117661
scenario_004,civil_procedure,23,7.702863344294375e-05,1322.4246023798453,0.019823067957214193,66711.3993269935,67737.38386676672
scenario_004,civil_procedure,24,9.371453835949062e-05,1821.4299621645964,0.025903535238470315,70315.88334937087,71855.56037811468
scenario_004,civil_procedure,25,0.0002607155732720079,2648.152147292861,0.036826105248741164,71909.64478610954,73968.57398155356
scenario_004,civil_procedure,26,0.000934094723579082,5217.9859933442185,0.07140754616587718,73073.31330533364,77159.14409708032
scenario_004,civil_procedure,27,0.0016608625094405305,5481.566147474565,0.07815439947597673,70137.65295656197,73725.29776314135
scenario_004,civil_procedure,28,0.0023389041759821483,5712.539952377247,0.08314301087240622,68707.39816175148,71798.8323052393
scenario_004,civil_procedure,29,0.003722968596095333,6677.264906404029,0.09906762446889764,67401.0802439334,70439.92680155164
scenario_004,civil_procedure,30,0.004061218189698956,6344.529292705578,0.1001325293483883,63361.320581758555,65880.77010781194
scenario_004,civil_procedure,31,0.005433834875900656,6678.317848122242,0.1096794230185491,60889.43271513015,62660.29839180385
scenario_004,civil_procedure,32,0.006852359638805816,7210.955339069424,0.12552478196423136,57446.46775107887,59684.54084579629
scenario_004,civil_procedure,33,0.006634511295011802,7006.227841247599,0.11828400411033312,59232.2511733059,60478.73444332904
scenario_004,civil_procedure,34,0.007470874127997629,7276.138410410425,0.12597519599361642,57758.500417646756,55515.35024092736
scenario_004,civil_procedure,35,0.008459798630679471,7441.588973580924,0.13113133687848708,56749.127635880635,55211.315580528884
scenario_004,civil_procedure,36,0.010009005113325475,7889.034388306326,0.1429426566026507,55190.2040706863,53385.61600828262
scenario_004,civil_procedure,37,0.010157593261433617,8143.89963595619,0.14362676815878425,56701.823346417106,54968.48699549876
scenario_004,civil_procedure,38,0.009388853216538484,8824.953864456269,0.14081077131689784,62672.43465768332,59969.695340380094
scenario_004,civil_procedure,39,0.009248810563712406,10121.4942788427,0.14666775485646455,69009.67624920716,64529.525703716674
scenario_004,civil_procedure,40,0.008531300367512373,12133.860364159218,0.14844279489399848,81740.98562900198,75237.4601825729
scenario_004,civil_procedure,41,0.008799602063323753,12248.768019810477,0.1395373482937242,87781.28701447723,83133.62298108143
scenario_004,civil_procedure,42,0.009572867766321602,13366.178994724198,0.14542876056096302,91908.77336206935,86821.74038444257
scenario_004,civil_procedure,43,0.00942556220207258,14117.574370147087,0.14245147649818005,99104.44396360786,94293.65996546437
scenario_004,civil_procedure,44,0.010567791206835153,15492.088002062554,0.14726070220503104,105201.78004103854,101383.64308454054
scenario_004,civil_procedure,45,0.011949706770198687,17298.161329092894,0.15671849056585876,110377.28392249659,112188.17476810978
scenario_004,civil_procedure,46,0.008190028594910359,17797.916059042946,0.12792038063607833,139132.7634466346,137003.13762350858
scenario_004,civil_procedure,47,0.01848994946752991,19036.448050852927,0.20348448664108568,93552.33101592751,98282.35047366923
scenario_005,civil_procedure,0,3.157371835094125e-07,1.0788885122024734,0.0007957859824980877,1355.7520940689176,1355.694129339057
scenario_005,civil_procedure,1,7.578139296082753e-07,1.6189395120465964,0.0012325146716290027,1313.5255500909045,1313.4472335243315
scenario_005,civil_procedure,2,1.5235339509978019e-06,1.9437787291210598,0.001748246639622872,1111.8446820183035,1111.7357614468458
scenario_005,civil_procedure,3,4.233501483041913e-06,2.988962509999885,0.002920172034529261,1023.5569941281605,1023.8042554297509
scenario_005,civil_procedure,4,3.626408839996209e-06,3.7867871129419175,0.002698579284791619,1403.2521239168736,1403.48815628292
scenario_005,civil_procedure,5,1.3259410031385421e-05,6.206595858472431,0.005156816190397064,1203.5712791218443,1203.8829682388503
scenario_005,civil_procedure,6,1.9723470517929442e-05,10.453493156706882,0.009115210910080078,1146.818571707086,1154.3719472205219
scenario_005,civil_procedure,7,7.75835315036666e-06,17.802003920610318,0.008676052877258941,2051.855166451518,2067.700664851458
scenario_005,civil_procedure,8,2.8664425330005017e-06,33.035391386435045,0.008952765523540962,3689.9649945672895,3721.7864633071545
scenario_005,civil_procedure,9,2.4124278719117598e-06,18.165960668934535,0.004612628954036983,3938.3095518740233,3954.2740092773893
scenario_005,civil_procedure,10,2.6480633892322913e-06,12.69130734692492,0.0023013497187922816,5514.723487391196,5514.761422261176
scenario_005,civil_procedure,11,2.7855716955293985e-06,36.02868655962676,0.005084766959122393,7085.612152782936,7053.680624704656
scenario_005,civil_procedure,12,4.625643326261475e-06,40.37792615945613,0.004996456454144265,8081.312532197699,8049.240811901943
scenario_005,civil_procedure,13,3.478372413323605e-06,70.72162071466505,0.006220870269002052,11368.44487290846,11304.35496783833
scenario_005,civil_procedure,14,2.5450130167747886e-06,34.4452042875366,0.002256121268230916,15267.443631053568,15267.28299847867
scenario_005,civil_procedure,15,2.9771227324504324e-06,48.18451283865227,0.0024401584211764097,19746.46909007749,19746.641022679
scenario_005,civil_procedure,16,4.245442556394252e-06,141.33446165337708,0.006888774244422541,20516.6342572204,20644.614910522414
scenario_005,civil_procedure,17,4.279505077309231e-06,151.54619441777805,0.0054483177691099175,27815.22679844276,27687.26305381684
scenario_005,civil_procedure,18,4.12138982130994e-06,97.8732373357804,0.002871021424264661,34090.040745985774,34089.94003307885
scenario_005,civil_procedure,19,4.501589405125905e-06,282.18437540430324,0.007149338642968043,39469.997085933894,39725.94862375669
scenario_005,civil_procedure,20,6.9607053264642005e-06,544.6016626985478,0.011010643594345376,49461.38325449325,49973.41905648954
scenario_005,civil_procedure,21,1.3184867026616587e-05,373.77545869804356,0.00707861168506188,52803.49810497849,53060.06487140324
scenario_005,civil_procedure,22,5.1661166904803935e-05,950.0868766974445,0.01747620755693686,54364.59103624717,55134.636234930695
scenario_005,civil_procedure,23,9.170402675751088e-05,917.3309738025797,0.013542945258902834,67734.96874319465,67736.09084094648
scenario_005,civil_procedure,24,0.00012267298190227205,1517.514378000046,0.021426568305325192,70823.95819879821,71850.7708130785
scenario_005,civil_procedure,25,0.0003598667370445785,2500.589641335743,0.03453013743894738,72417.59885135201,73966.06134780636
scenario_005,civil_procedure,26,0.0008931935218686737,4814.837004903599,0.06500415030506465,74069.6860478532,77662.26281854293
scenario_005,civil_procedure,27,0.0018912964434327773,5105.083716487895,0.07280824412609982,70116.8360501343,72719.70176133551
scenario_005,civil_procedure,28,0.0029047439440981204,5569.040654307525,0.08046653346608651,69209.40190190569,70804.89715756453
scenario_005,civil_procedure,29,0.0038931511397274354,6601.478320672616,0.09721801478366339,67903.8585118479,70422.89147492473
scenario_005,civil_procedure,30,0.004427005411499874,6290.150082688341,0.09692130630209825,64899.55947438737,66147.1297615058
scenario_005,civil_procedure,31,0.006176871374843018,7016.848843867268,0.11146673393061997,62950.16097120736,63219.27937853797
scenario_005,civil_procedure,32,0.00752663102332507,7589.032806263246,0.12810614425831063,59240.19374871571,61022.38578546686
scenario_005,civil_procedure,33,0.007425762072184594,7607.871531892039,0.12412394517764677,61292.537237707176,62351.6684170181
scenario_005,civil_procedure,34,0.0088233642793758,8047.810837881201,0.13626154666101192,59061.496328838424,56674.2447524761
scenario_005,civil_procedure,35,0.009759231244707567,8191.566773847568,0.14113328468471015,58041.35283995846,56183.07429389203
scenario_005,civil_procedure,36,0.01119738045876606,8454.06728903038,0.1502904776487605,56251.5165384472,54618.77830548371
scenario_005,civil_procedure,37,0.011372645651706703,8768.592304339914,0.1511669783359728,58006.00369778824,56456.15921431829
scenario_005,civil_procedure,38,0.010380795176051283,9384.137883522468,0.1466510169644754,63989.586146515925,61456.77119839929
scenario_005,civil_procedure,39,0.01006501129701487,10319.579980861046,0.14620372122312972,70583.5658253305,67282.80154409917
scenario_005,civil_procedure,40,0.009125015747736165,12260.20265569608,0.14802799411986764,82823.54110512513,76998.91915191132
scenario_005,civil_procedure,41,0.008758767510592902,12346.971553044597,0.138201327976979,89340.46968854962,84919.27883023713
scenario_005,civil_procedure,42,0.009426587414052112,13407.526216621382,0.14344750719436491,93466.42879234413,88605.76004024483
scenario_005,civil_procedure,43,0.009100627331327438,13883.26358579068,0.137925933237551,100657.38371245543,96713.02319659537
scenario_005,civil_procedure,44,0.010102644024408969,15060.635417147185,0.1424249948124222,105744.32835319723,103250.8167136566
scenario_005,civil_procedure,45,0.010935079020232275,16799.665443484297,0.15285749852498318,109904.09764384927,113118.78182291111
scenario_005,civil_procedure,46,0.00796139865938017,17585.675470789607,0.1282316779350272,137139.86866568154,139362.03566376024
scenario_005,civil_procedure,47,0.02170661049716094,31419.013463141557,0.37400336732391665,84007.30102499369,108339.14369956809
scenario_006,civil_procedure,0,3.528291956378382e-07,1.13233005839656,0.0008400354591904107,1347.9550726202083,1347.9530565186647
scenario_006,civil_procedure,1,9.502719786613767e-07,1.8001123783598567,0.001378604839223262,1305.7493540890819,1305.7518633856498
scenario_006,civil_procedure,2,3.3153788971951315e-06,4.563531905179136,0.004133939621110967,1103.9183741035674,1107.4847783647476
scenario_006,civil_procedure,3,4.47106880763215e-06,4.682900330338489,0.004624656242373341,1012.5942523968566,1016.1619485485915
scenario_006,civil_procedure,4,2.0770293553962205e-06,2.859893985099551,0.0020381559166582647,1403.1772357183536,1403.1672852216677
scenario_006,civil_procedure,5,1.9944751056599763e-05,10.42454466019748,0.008664104977871902,1203.187713770982,1196.0275239700345
scenario_006,civil_procedure,6,1.9723878565969244e-05,7.20466743131437,0.006280834522918977,1147.087605162068,1147.1096165015047
scenario_006,civil_procedure,7,6.760062838284675e-06,7.688885746090752,0.003677318482185853,2090.8947058402086,2090.98700666004
scenario_006,civil_procedure,8,2.862505645517821e-06,32.93616377202944,0.008812420505442864,3737.470738225314,3769.15893722565
scenario_006,civil_procedure,9,2.4285333830587064e-06,18.05334214802475,0.0046211534521912205,3906.674455803749,3922.532992396659
scenario_006,civil_procedure,10,2.139298408199153e-06,11.340990272036128,0.00206848271379311,5482.758060491317,5482.775599917099
scenario_006,civil_procedure,11,2.244263422435111e-06,14.741437148449402,0.0021186299692846893,6958.004636093455,6958.04770692812
scenario_006,civil_procedure,12,3.238220159573757e-06,20.404091327983338,0.0025448918218345987,8017.665486965234,8017.586008381492
scenario_006,civil_procedure,13,2.892658520603497e-06,27.038219158794945,0.0024052899586316377,11241.147480687487,11240.996471747312
scenario_006,civil_procedure,14,2.242721276579651e-06,71.61185794448613,0.004690328275720212,15267.98418677634,15331.845577357817
scenario_006,civil_procedure,15,2.476617072200149e-06,43.66486354495111,0.0022256154420797407,19619.231031281935,19619.41131138767
scenario_006,civil_procedure,16,2.8735710958516236e-06,50.105569988221916,0.002397332319081271,20900.552497212346,20900.665185395745
scenario_006,civil_procedure,17,2.800156120086328e-06,144.25622451945293,0.005115757363881318,28198.41017831345,28326.22482408385
scenario_006,civil_procedure,18,2.607926065878452e-06,77.855774761194,0.0022838256049926226,34090.07000840832,34090.10894585084
scenario_006,civil_procedure,19,3.076297264703598e-06,96.63275703590807,0.0024804438284893463,38957.849367933435,38957.887866069344
scenario_006,civil_procedure,20,4.566386369364572e-06,296.09215380598226,0.00601742931531113,49205.755197254504,49461.574029841424
scenario_006,civil_procedure,21,8.739226597498373e-06,217.55519429920875,0.004180737740956858,52037.5129412964,52037.77779409003
scenario_006,civil_procedure,22,4.67200796225864e-05,586.1619584400005,0.010781572905905392,54367.017090701294,54624.10070187337
scenario_006,civil_procedure,23,9.599631808632214e-05,1064.9572497675188,0.015722184210778978,67735.9605694859,67226.18565254292
scenario_006,civil_procedure,24,0.00011456620811012286,1200.322164103429,0.016825149999626508,71340.94876598868,71856.85905753261
scenario_006,civil_procedure,25,0.00033197191771483503,2443.625242563921,0.03374268652361876,72419.40385669838,73973.26706504801
scenario_006,civil_procedure,26,0.0008108879286180537,5105.990590711053,0.06989888161284073,73048.24444820674,77162.83105678188
scenario_006,civil_procedure,27,0.0016041098882176863,6177.868165792596,0.08875823552850633,69603.32333114556,74249.39273079632
scenario_006,civil_procedure,28,0.002293645613168027,5727.568368302051,0.08278128918201093,69189.16611347845,72327.47160903971
scenario_006,civil_procedure,29,0.00365097801292813,6942.533731863394,0.10228977731284772,67871.23712890715,71447.53304163294
scenario_006,civil_procedure,30,0.003969746290291454,6687.792614235757,0.10517122676865183,63589.56550870217,66898.85821172934
scenario_006,civil_procedure,31,0.005309387524074838,6924.182636947486,0.11330525349816258,61110.870177434204,63683.53790763918
scenario_006,civil_procedure,32,0.0068412441948396685,7557.178720564058,0.13106938295701054,57657.849225114136,60695.61288735313
scenario_006,civil_procedure,33,0.006664170598183583,7391.237120506591,0.12377565337848681,59714.78977295584,62011.613504714085
scenario_006,civil_procedure,34,0.007918120718473642,7228.057597435397,0.1262674980175002,57244.007451811674,56044.51189628893
scenario_006,civil_procedure,35,0.009193593679484913,7612.408694194567,0.13533416173662313,56248.98101492842,55531.63171256905
scenario_006,civil_procedure,36,0.010606126172946428,7949.825448811361,0.14528924651119507,54717.232277743264,53970.90430871934
scenario_006,civil_procedure,37,0.010551670510138389,8221.023029324833,0.14489501088735932,56737.7922744063,56048.31717806263
scenario_006,civil_procedure,38,0.009855882699109642,8754.752417422527,0.1406536187507758,62243.34997690372,60821.16988678758
scenario_006,civil_procedure,39,0.009718975814992259,9805.200420712687,0.14297728851300667,68578.72689214347,65638.73464564334
scenario_006,civil_procedure,40,0.00920092627470015,11766.743737542582,0.1447567298053503,81286.33296265357,76363.980163835
scenario_006,civil_procedure,41,0.009424591582305908,12069.87232778829,0.13831063730434387,87266.40671338455,84766.55140759963
scenario_006,civil_procedure,42,0.010760565717998216,13605.538490180685,0.1488266123836987,91418.72056526718,87941.4015125565
scenario_006,civil_procedure,43,0.010465592940079982,14482.498042169482,0.14689339973791954,98591.8909087031,94849.21503498008
scenario_006,civil_procedure,44,0.01129842602300335,15728.23816992743,0.15006454920617066,104809.81852894998,102883.2466686625
scenario_006,civil_procedure,45,0.012879210081060632,17675.51757975011,0.16128203297976126,109593.84162753052,110426.62105121947
scenario_006,civil_procedure,46,0.00897666024217103,18582.362108556692,0.13532523142128305,137316.31502411887,133202.7185653422
scenario_006,civil_procedure,47,0.02284292158177048,18998.439865589386,0.21337835892114326,89036.3950760841,85298.52581042585
scenario_007,limitation,0,5.67083723201911e-07,1.4517357617605937,0.0010649934541491315,1363.1405489909298,1363.1488111024196
scenario_007,limitation,1,1.3656837622999518e-06,2.1760962563643256,0.0016571484749334246,1313.1570823499985,1312.9956693168247
scenario_007,limitation,2,3.038557550016918e-06,2.739098139858853,0.002466265665341124,1110.6257441572063,1110.541054775108
scenario_007,limitation,3,4.151054838974488e-06,2.8888693001258376,0.002881996882611058,1002.3846026885891,1002.3185402460177
scenario_007,limitation,4,3.1741880625046903e-06,3.521363339393153,0.0025227604925842605,1395.8373574282298,1395.6566172505784
scenario_007,limitation,5,1.740570908792538e-05,10.060469388848537,0.008358415048482356,1203.6336231801774,1210.7387520651182
scenario_007,limitation,6,2.159351028274692e-05,10.38543608285657,0.008997151366577454,1154.3026964552696,1161.371069409361
scenario_007,limitation,7,8.717870190855237e-06,17.780775773256156,0.008665195707643247,2051.9762476423234,2067.5385149074577
scenario_007,limitation,8,2.9171627740076644e-06,33.0115573889495,0.008908501027148153,3705.6242445669195,3737.388395170915
scenario_007,limitation,9,2.9359421092056692e-06,18.534174138812055,0.004783773193054177,3874.3839623757335,3890.3530054505472
scenario_007,limitation,10,2.7126558987955462e-06,12.621583575487291,0.002329258110061466,5418.71401926952,5418.763183837113
scenario_007,limitation,11,2.518496859615915e-06,15.472244193646286,0.0022443272644402496,6893.934070486449,6893.8878741705
scenario_007,limitation,12,3.5727816114494715e-06,21.345665431052627,0.0026731645008030405,7985.167177194002,7985.010389585464
scenario_007,limitation,13,2.8881345405240566e-06,27.168469616505217,0.0024034449420271093,11303.970039601089,11303.745940950566
scenario_007,limitation,14,2.38799715179816e-06,71.9346115069307,0.004751508341240713,15139.321314575896,15203.159540845472
scenario_007,limitation,15,4.140067826341465e-06,139.88778042124753,0.007130392669194756,19618.52409974572,19746.43383591353
scenario_007,limitation,16,5.374751661402222e-06,144.93801933086965,0.007020877558397813,20643.860845786487,20771.913601007705
scenario_007,limitation,17,5.0813844119090845e-06,156.47498847378878,0.005574537329611981,28069.592007679734,28197.812830083898
scenario_007,limitation,18,4.345318008192045e-06,102.00188067048796,0.002948022291585889,34600.1049454806,34600.46580911964
scenario_007,limitation,19,6.165672233993114e-06,291.05447385803416,0.007374273368999951,39468.902126895926,39724.594447457086
scenario_007,limitation,20,1.0203143853027008e-05,559.7107346551679,0.011200361931176264,49972.55785968936,50484.21653975793
scenario_007,limitation,21,1.8874489555620322e-05,412.93086368753063,0.007858235503208844,52547.52972456906,52803.98457544667
scenario_007,limitation,22,7.198077582426521e-05,1012.2043074557087,0.018618722792132135,54364.86265768155,55134.95782729487
scenario_007,limitation,23,0.0001245631882234033,1181.9784091153076,0.017583370662393103,67221.37818793156,67733.97733987913
scenario_007,limitation,24,0.00016401949780164848,2420.1076509397562,0.034673540621521434,69796.95778277761,71849.2374899546
scenario_007,limitation,25,0.0005448467330804174,3159.144494925697,0.04425147350560553,71390.71865088321,73456.08812041492
scenario_007,limitation,26,0.0015215353104782725,6592.4008551134175,0.09088078528287075,72538.99528480369,77668.81353665174
scenario_007,limitation,27,0.002724374001405905,7017.396420433642,0.10155885568664051,69096.84412047526,73731.97165854476
scenario_007,limitation,28,0.0035537418987071634,6447.075617792825,0.09385435879613384,68692.34098969094,71291.94465700639
scenario_007,limitation,29,0.006353448553555907,8324.928270186514,0.12350402176430936,67406.13100092812,70406.1275417718
scenario_007,limitation,30,0.006323539616129525,7586.4881706764045,0.11831652212705154,64120.276984898395,66106.8548811488
scenario_007,limitation,31,0.007832526687101105,7891.453978606318,0.12802376592495457,61640.53932948792,62886.29071528304
scenario_007,limitation,32,0.009940536783304754,8494.191682069208,0.14598098767856257,58186.972270475926,59883.21137684089
scenario_007,limitation,33,0.009764873423041776,8500.384137521205,0.14109854922794457,60244.305728394436,60968.20138076845
scenario_007,limitation,34,0.011510017432644348,9024.436464837503,0.153567671421418,58765.210029608286,56539.07316497652
scenario_007,limitation,35,0.013179572236815429,9307.63579702592,0.16186338531469033,57503.03429605324,56527.62681184571
scenario_007,limitation,36,0.015009813417322437,9571.10071234445,0.1726192282402673,55446.318523811926,54711.16013804903
scenario_007,limitation,37,0.01529960816824838,9927.606518671242,0.1743185902896753,56950.93393179673,56345.71225607914
scenario_007,limitation,38,0.014465106383618087,10578.324303375408,0.1694750824914468,62418.168782477405,61572.15313152392
scenario_007,limitation,39,0.014390625479603014,11526.29700486714,0.1694767289882317,68011.08962675054,66204.41576773298
scenario_007,limitation,40,0.01344000737303186,13464.16762617553,0.1667775828130255,80731.27934268133,76950.04174367712
scenario_007,limitation,41,0.013728864422559606,14429.29017961996,0.16539716298215668,87240.25200587399,86856.1455642492
scenario_007,limitation,42,0.015890197394139327,16225.733558842177,0.17756411145099948,91379.57792399859,90024.12709656695
scenario_007,limitation,43,0.015590242370646101,17363.98823325792,0.17605321360476534,98629.20351025002,97838.17363071837
scenario_007,limitation,44,0.01667870907122382,19284.29148836536,0.18421866779271248,104681.52722754751,106000.5787408668
scenario_007,limitation,45,0.018182302547931628,21901.168276070355,0.19946733069551426,109798.27222685586,114528.50486038475
scenario_007,limitation,46,0.01302863640757601,22370.168964139753,0.1608971983384134,139033.9247367677,137308.31951765445
scenario_007,limitation,47,0.031240427863985065,22702.480598347825,0.24952652928632535,90982.23208281516,90645.79975754967
scenario_008,limitation,0,1.287171373820506e-06,8.14950056635828,0.0060120527776943615,1355.527116560616,1347.6714474748326
scenario_008,limitation,1,1.3761493125041824e-06,2.1677580544183446,0.0016604946032708948,1305.4893705455147,1305.3957655436052
scenario_008,limitation,2,2.3955919888907218e-06,2.434240890179332,0.002190808184516652,1111.1154812105958,1111.0106073002692
scenario_008,limitation,3,3.4304778633309496e-06,2.6258560797082846,0.002620847108802914,1001.9112030184997,1001.8187389194236
scenario_008,limitation,4,3.989052148267724e-06,8.54154073191209,0.006154132519724781,1387.9357821001352,1380.341490582953
scenario_008,limitation,5,1.2715414315911389e-05,9.808968435633572,0.008153442764622093,1203.0462123552063,1195.323156430914
scenario_008,limitation,6,2.6452033576984668e-05,17.066313575289787,0.01469324156273811,1161.5077246514315,1146.6484092516162
scenario_008,limitation,7,5.4888761488181e-06,6.850735427206948,0.0033132794864653764,2067.6599892016197,2067.669190749777
scenario_008,limitation,8,1.8966613284376876e-06,17.458366905036353,0.004691133773692846,3721.56662914628,3737.442167527859
scenario_008,limitation,9,1.8941091103341634e-06,17.65552274276447,0.004538229523152201,3890.398811407219,3906.340802622758
scenario_008,limitation,10,2.24739114973449e-06,33.9442813773751,0.006227689761729757,5450.541481043042,5482.446023157187
scenario_008,limitation,11,2.1089998741841143e-06,34.9158888096114,0.005041325701332789,6925.933946378547,6957.806454950911
scenario_008,limitation,12,2.4256473678541113e-06,17.65798843062559,0.0022025651805571292,8017.010614032807,8016.974118102371
scenario_008,limitation,13,2.121599544491204e-06,67.91392400973857,0.00600807342288854,11303.777305885045,11239.955790398286
scenario_008,limitation,14,2.078045446718413e-06,131.34173251904969,0.008675600441569075,15139.209487994254,15011.514040627593
scenario_008,limitation,15,3.500599470074306e-06,51.57273696542446,0.0026460283549204545,19490.621432503453,19490.87897672311
scenario_008,limitation,16,4.818745772072752e-06,63.69144685212274,0.003104438805680997,20516.251354534666,20516.32654666356
scenario_008,limitation,17,4.358120136216392e-06,81.73891235691292,0.0029523580854691083,27685.975071660454,27686.2429896263
scenario_008,limitation,18,4.0977386452922815e-06,273.82500224946284,0.008093380455529018,33833.20526621215,34089.189457998895
scenario_008,limitation,19,5.4096208947918e-06,286.72830406964084,0.007312018897161796,39213.28816326448,39469.1553429321
scenario_008,limitation,20,8.42169712755858e-06,1043.4003978808373,0.02120474399154663,49205.98891912082,50229.24577777824
scenario_008,limitation,21,1.681061303471232e-05,826.2323153312905,0.015800462293548225,52291.65450865728,53059.362570029334
scenario_008,limitation,22,5.809851261451282e-05,1407.8023900868693,0.02614083695861509,53854.5262462573,55133.937812613185
scenario_008,limitation,23,0.00011097739019072517,2743.3404939974084,0.04143726314448118,66204.67390503275,68757.23492050667
scenario_008,limitation,24,0.00014823377251160785,2832.6999789315914,0.040581796290794225,69802.23247471613,72356.99791861496
scenario_008,limitation,25,0.00042575705708192135,3724.9157327493367,0.05254293648088503,70892.79705759214,73960.41611255797
scenario_008,limitation,26,0.0007806958600820035,4248.4754661416455,0.058147274384440194,73064.05177399868,76124.30677214371
scenario_008,limitation,27,0.0011459211103060918,4609.810556295455,0.06576374554741508,70096.53294415571,73177.81881158952
scenario_008,limitation,28,0.0012675806636633924,4368.647072446034,0.06312111071901554,69210.55448300212,71758.9382066102
scenario_008,limitation,29,0.0013734332644735892,4440.991326679023,0.06545525991970315,67847.73801413336,70416.58182327433
scenario_008,limitation,30,0.0015898710192573384,4096.509111185463,0.063380862187864,64633.21844760029,66403.6186673684
scenario_008,limitation,31,0.0020640311426616265,4236.251104880713,0.06781778530484082,62465.19384021126,63698.30570994009
scenario_008,limitation,32,0.002384539659038065,4396.233144425095,0.07430710631572295,59163.024405041026,60650.97649513262
scenario_008,limitation,33,0.002442426740997483,4532.50020711891,0.0749628508020258,60463.28492881201,61960.98804518434
scenario_008,limitation,34,0.002445452008439597,4301.597278346796,0.07022347633904417,61255.82928390448,61523.3485306946
scenario_008,limitation,35,0.0027801265099088868,4506.482683027231,0.07544902364215353,59728.84028825855,60269.586601110736
scenario_008,limitation,36,0.003040913516866528,4535.890963838382,0.07828444433181936,57941.1529653629,58198.06409009214
scenario_008,limitation,37,0.0033152972948161663,4856.202505544488,0.08168850437884076,59447.807772599626,59685.17125646324
scenario_008,limitation,38,0.0030648683807427135,5027.349765356204,0.07900154823117604,63636.09167057163,64140.76682187236
scenario_008,limitation,39,0.0030703761620414216,5494.084016590091,0.08024561168615924,68465.85004644822,69457.26944968168
scenario_008,limitation,40,0.002518018924029697,5849.979961154884,0.0724196582561165,80778.89487500861,81759.69380791666
scenario_008,limitation,41,0.002372540953000768,6323.187538208885,0.07015862879608473,90127.01141276804,91131.66471382209
scenario_008,limitation,42,0.002946185518178268,7277.837597249213,0.07879667404241762,92362.24352986556,93755.78704675921
scenario_008,limitation,43,0.003062869716906391,7994.916597948808,0.08149710891624058,98100.61613554486,100048.81421959678
scenario_008,limitation,44,0.003581385441755347,9172.371445166216,0.0854559601616998,107334.4846609909,108276.76297382286
scenario_008,limitation,45,0.00419230688871608,10865.759592122124,0.093956836856658,115646.28988839945,117644.08920706109
scenario_008,limitation,46,0.003683850312913406,12750.278669538126,0.09172904870794342,138999.35570174505,143012.98295348967
scenario_008,limitation,47,0.016496891273179992,21943.778784031474,0.2995128742242707,73264.89334011167,89545.90579468623
scenario_009,limitation,0,2.348929393214405e-07,0.9291596687387302,0.0006855175731049634,1355.413347801168,1355.3965111908549
scenario_009,limitation,1,4.134506835673513e-06,8.3273142193853,0.006377882114623833,1305.655085767675,1313.0825680292858
scenario_009,limitation,2,1.0290687736502768e-05,8.485272518525276,0.007685901431405696,1104.004858018766,1110.8429385077543
scenario_009,limitation,3,1.4885362385363976e-05,8.59490542273916,0.00863573542233634,995.2719719166507,1001.9191943149019
scenario_009,limitation,4,3.972608631275243e-06,3.9567628451239054,0.002834730018384826,1395.8164691036052,1395.39103427371
scenario_009,limitation,5,1.3985102405800198e-05,6.436439091175072,0.005316531614189563,1210.6462555393314,1209.9712192095494
scenario_009,limitation,6,1.765339754122852e-05,6.83972856140308,0.005963595905591517,1146.9134846963882,1146.3106862359014
scenario_009,limitation,7,8.452340648612555e-06,11.392461000177565,0.0055306178595994435,2059.8893811482153,2067.491646719351
scenario_009,limitation,8,3.3972602524467987e-06,33.08032809922812,0.00888888606810917,3721.5380921475708,3753.1514701398028
scenario_009,limitation,9,3.962485857877951e-06,33.399480298811675,0.008655989251414802,3858.5399460093604,3890.108448641652
scenario_009,limitation,10,3.3342182241824503e-06,34.74068851552642,0.0064111391074165285,5418.801235390093,5450.581088495035
scenario_009,limitation,11,3.420463552616937e-06,66.19173488000698,0.009557038389096231,6925.967248967643,6989.608256722365
scenario_009,limitation,12,3.366288988559951e-06,20.802538166261556,0.0025947378371487073,8017.202303998829,8017.096031236647
scenario_009,limitation,13,2.6996938033985174e-06,26.416126698597132,0.002323685393424758,11368.202758146957,11368.040722050298
scenario_009,limitation,14,2.39098522503145e-06,33.24703309528645,0.002186771483057037,15203.707087312183,15203.70399556645
scenario_009,limitation,15,5.104079722428878e-06,142.30901467202233,0.007349360441471933,19363.455610230027,19491.514427713086
scenario_009,limitation,16,5.935750999386258e-06,146.39090505852704,0.007135187232387673,20516.757345068258,20644.827424916093
scenario_009,limitation,17,5.498386905777863e-06,158.46894541829735,0.005645337168870729,28070.767197417343,28198.859977952503
scenario_009,limitation,18,4.798195130661931e-06,106.39702981445781,0.0030978167557302477,34345.81132587904,34345.992404122175
scenario_009,limitation,19,5.437808758168572e-06,130.16619570629007,0.0032978184265448802,39470.39493094986,39470.34973733
scenario_009,limitation,20,8.239411358412774e-06,327.05078324453194,0.0065443846818617245,49974.26024649481,50230.37866701101
scenario_009,limitation,21,1.4991676690945255e-05,387.19615086581155,0.007332525715331827,52805.29055032292,53062.01772929601
scenario_009,limitation,22,3.3061210105822525e-05,890.6079645373406,0.016381742565769873,54365.88695993135,55137.233184944205
scenario_009,limitation,23,8.737048791018776e-05,1355.3653115857057,0.020316637739380857,66712.08735284611,67735.5127521004
scenario_009,limitation,24,8.099103715764056e-05,1367.5885069719823,0.01930838072905274,70828.75183387144,71851.46747858786
scenario_009,limitation,25,0.00042161866080836496,2626.5387708597136,0.036263560662179964,72429.14713554278,73972.15062596492
scenario_009,limitation,26,0.0015137253832352426,5833.860534294319,0.07928513349908191,73580.76195156906,77671.20512041879
scenario_009,limitation,27,0.0025480603107396194,6301.996809406253,0.08920388988100415,70647.10762964447,74250.31539745444
scenario_009,limitation,28,0.0029806903869833423,5668.58757821296,0.0813104658661169,69715.349897843,71297.07067891744
scenario_009,limitation,29,0.00515600564222618,7473.877895017286,0.1101396818302626,67858.17582563346,70423.29717585274
scenario_009,limitation,30,0.005378656653460379,7486.994781455701,0.11870638979187995,63071.53974257117,66389.80921215426
scenario_009,limitation,31,0.0064372927359823695,7553.680018644805,0.12517010954949112,60347.31491273601,63171.68274714458
scenario_009,limitation,32,0.008656610700679579,8465.783344018948,0.14875861267685486,56909.53412162419,60396.83272040274
scenario_009,limitation,33,0.0084583227597409,8320.090436916389,0.1411354701328425,58951.0944986769,61720.99492405478
scenario_009,limitation,34,0.009969081299662785,8187.1850995546765,0.14369566871177114,56975.865542452535,58029.09489948897
scenario_009,limitation,35,0.012077513039175702,8952.38402788775,0.1599101846237932,55983.826477026756,57520.358087225555
scenario_009,limitation,36,0.01356972303551629,9177.77739735158,0.16952046312193683,54139.64325209496,55690.34244448712
scenario_009,limitation,37,0.013583354603742492,9443.704511227372,0.16965985491289534,55662.57566397096,57269.53938559408
scenario_009,limitation,38,0.012721602515456065,9897.345092644999,0.1611404193393651,61420.623908151705,62246.632854046475
scenario_009,limitation,39,0.012315558799778081,10568.892099559333,0.15661355778550995,67483.8899581986,67122.08933478486
scenario_009,limitation,40,0.011690529048927978,12152.108262363978,0.15252273206389855,79674.07938426464,78397.24225727755
scenario_009,limitation,41,0.01254773400833975,13979.755925315976,0.16216613516940914,86206.38279818303,88303.62716553558
scenario_009,limitation,42,0.015210032211595892,15813.97761232869,0.1757802331343636,89964.48195765412,90993.2482211587
scenario_009,limitation,43,0.01617443741958502,17600.255514059205,0.1818449049750689,96787.17980287771,98252.09423499342
scenario_009,limitation,44,0.0166237071986719,19719.968877050513,0.1936373044478454,101839.72005436546,106996.83246332403
scenario_009,limitation,45,0.017858025889651574,21995.715365081716,0.19997798436088626,109990.68440147686,115481.57413632664
scenario_009,limitation,46,0.012938168477708234,22331.327586937256,0.1627021632908663,137252.80067121814,139268.39221141022
scenario_009,limitation,47,0.02778280524888621,22741.67562858982,0.23432821224745282,97050.52332569496,93308.98978477647
scenario_010,limitation,0,1.4977571582974747e-07,0.742048363443081,0.000547345734520094,1355.7214693445997,1355.7293942579433
scenario_010,limitation,1,7.366674715791888e-07,1.5780672883887878,0.0012154314291224285,1298.3597844990659,1298.2773394565595
scenario_010,limitation,2,2.129540308870581e-06,2.2860868297402677,0.0020638054787782524,1107.7046035819244,1107.685928258298
scenario_010,limitation,3,6.061690390857244e-06,4.893297139650784,0.004844739103076835,1010.0228382872278,1013.4191817630849
scenario_010,limitation,4,2.6746844913327905e-06,3.228448372267053,0.0023129536966504656,1395.8119338672334,1395.7805305240609
scenario_010,limitation,5,1.2860257665003871e-05,6.138897869957886,0.005072168523404856,1210.3103123704875,1210.196842518092
scenario_010,limitation,6,1.6512493820952656e-05,6.675607736566385,0.005749435619339867,1161.0892231075818,1161.2754517483631
scenario_010,limitation,7,6.973079514360769e-06,7.759843497049996,0.003738915761913039,2075.426137196422,2075.790853277238
scenario_010,limitation,8,2.3808773110811643e-06,18.07780071650188,0.004816793912295323,3753.0774713770875,3769.184826676222
scenario_010,limitation,9,3.2057556001996446e-06,33.5307622458116,0.0086193720584764,3890.162997760031,3922.2018047154047
scenario_010,limitation,10,3.3442342929346225e-06,14.26537005958175,0.002587249366100932,5513.720573861855,5514.107379299356
scenario_010,limitation,11,3.075328783186393e-06,36.35590183093966,0.005273759378804724,6893.7354208943025,6925.799275026695
scenario_010,limitation,12,3.360336209068393e-06,20.865852138990665,0.0025924731946499547,8048.627921033548,8048.729687866978
scenario_010,limitation,13,2.5092261682901906e-06,25.466272295623444,0.002240194782943195,11367.883047279283,11367.7958650918
scenario_010,limitation,14,2.163800668086857e-06,31.76150260404173,0.0020803132951995288,15267.653519945128,15267.462736936348
scenario_010,limitation,15,3.92167941709598e-06,138.95596906985068,0.007082734579743031,19618.97167052844,19491.263125863734
scenario_010,limitation,16,4.819527339883223e-06,63.69838454624952,0.0031046974329497863,20516.776891115413,20516.897739043347
scenario_010,limitation,17,4.664685238964239e-06,153.2965970358109,0.005536804476082983,27686.835917359447,27814.56736635018
scenario_010,limitation,18,4.304768709606499e-06,100.02607061532511,0.002934200704862759,34089.71664738374,34089.43836333662
scenario_010,limitation,19,5.239340871043829e-06,285.53712594147606,0.0072815032729335915,39214.035239516976,38958.060359189556
scenario_010,limitation,20,7.077334958638382e-06,544.4297382255578,0.011064397005169334,49205.54983441013,49717.19062391973
scenario_010,limitation,21,1.582566763236315e-05,388.8213066081161,0.007509106896357828,51779.966908808776,52036.67459757354
scenario_010,limitation,22,5.274147027112264e-05,1163.2750159155619,0.021807549870476575,53342.76536450448,54366.144065932545
scenario_010,limitation,23,0.00010661183840277033,1818.053538852098,0.02746197169184193,66202.5858613853,67735.28614634719
scenario_010,limitation,24,0.0001407102396540072,1569.0050417817256,0.022314389384330773,70313.59965796265,71338.37059750975
scenario_010,limitation,25,0.0005285046266712001,2572.7195327877885,0.0357763844332284,71911.11045861575,72947.49595376468
scenario_010,limitation,26,0.0018162930494786123,5489.89673392031,0.07410266182981855,74085.01393010962,77147.21773141784
scenario_010,limitation,27,0.003072991172882067,6037.476291237477,0.08489973407119578,71113.01769419597,73222.20488358742
scenario_010,limitation,28,0.004126048570009089,6605.5101942827305,0.09478352815374656,69690.48655340259,71310.02181304622
scenario_010,limitation,29,0.004698082501654377,7221.409064328037,0.10571149684712954,68312.42844636842,70890.40805732248
scenario_010,limitation,30,0.005809827958159208,7278.277111597261,0.11269932318382996,64581.373747251964,66362.87134078423
scenario_010,limitation,31,0.007609318344026894,7813.998602864194,0.12624434220135733,61895.83205559434,63150.06377011911
scenario_010,limitation,32,0.009444406281046591,8460.84766567217,0.1444067855632852,58590.37463280606,60692.210835766
scenario_010,limitation,33,0.009678433651952534,8670.32620827473,0.14475964021930465,59894.63772595426,61778.768322137694
scenario_010,limitation,34,0.011570088848691262,9503.429802923392,0.1578947845933499,60188.37054940731,56851.607440861255
scenario_010,limitation,35,0.01279912272880046,9452.565959668204,0.16046822316726342,58906.15458373562,57105.69404279996
scenario_010,limitation,36,0.014408868487313153,9730.297270730023,0.16963160736797714,57361.34569321364,55798.548202752114
scenario_010,limitation,37,0.015091664400805449,10200.699463062365,0.17333100634610962,58850.97928003415,57410.53788522357
scenario_010,limitation,38,0.013882506087134705,10479.885273220312,0.16623399462196137,63042.97323211772,62661.98409148529
scenario_010,limitation,39,0.013639323411618887,11256.197205505936,0.16466850410312514,68356.7101481449,67752.91403824894
scenario_010,limitation,40,0.012001312703159073,12574.783666496598,0.15592533436930026,80646.18695454544,77959.75679472213
scenario_010,limitation,41,0.011879211294520742,13989.742283611964,0.15634692828017244,89478.84322065131,85842.62201652055
scenario_010,limitation,42,0.013751325851388052,15178.178250161236,0.1655614311614835,91677.01767060053,89513.26150667564
scenario_010,limitation,43,0.015141795374403078,16866.17720787126,0.17403101088250914,96914.78043104548,96924.99207191575
scenario_010,limitation,44,0.014709895806060524,18234.432660283073,0.17108157069419233,106583.26660372468,105877.99387589634
scenario_010,limitation,45,0.018365533991490546,21778.476473553532,0.19196969823913423,113447.46943564164,113793.39098520698
scenario_010,limitation,46,0.013752166600017102,22664.644656776967,0.1668760537480431,135817.23769065787,137083.29371371493
scenario_010,limitation,47,0.04933472836086483,34550.37108737958,0.5021337347789196,68807.10992777946,92580.68818058242
scenario_011,limitation,0,3.389666479725051e-07,1.0913703022008563,0.00082339080116566,1325.458458675786,1325.4497074817145
scenario_011,limitation,1,8.306780989730811e-07,1.6471812313792282,0.0012907509046679695,1276.141837609594,1276.0534537226042
scenario_011,limitation,2,2.9894652441297964e-06,4.487002604546474,0.004100521670851873,1094.2516500868314,1090.6464194782905
scenario_011,limitation,3,2.5718227240068003e-06,2.260242579974221,0.0022683090526187935,996.4438387991003,996.4015790640894
scenario_011,limitation,4,1.825391399479237e-06,2.6398031616065585,0.0019107013256790385,1381.5885958358283,1381.585661945744
scenario_011,limitation,5,1.2227052357483004e-05,5.954235352337415,0.004945496900386029,1203.971101846742,1203.8803838513309
scenario_011,limitation,6,2.0644390601343154e-05,10.416556423517823,0.009027721292504908,1153.841161685615,1146.5005510606602
scenario_011,limitation,7,7.658577557023705e-06,8.061351713757967,0.003913853780389794,2059.696699490677,2059.750923141415
scenario_011,limitation,8,2.595112546632805e-06,17.9879338478398,0.004854295432798698,3705.570478117568,3721.4447392612765
scenario_011,limitation,9,2.940094377401614e-06,18.38428158002802,0.004764730142264639,3858.4098219862904,3874.223826199489
scenario_011,limitation,10,2.864181838924118e-06,12.96867997483801,0.00239341161225162,5418.491290195432,5418.519007192674
scenario_011,limitation,11,2.7435145636411917e-06,16.222770346982717,0.0023424462987828927,6925.567666337485,6925.58848777636
scenario_011,limitation,12,3.5449844462132063e-06,21.091758177635484,0.002662709140545218,7921.164897986839,7921.200009287092
scenario_011,limitation,13,2.6688351322246007e-06,25.968072596642198,0.0023103529157231283,11239.872670498191,11239.934986267444
scenario_011,limitation,14,2.2238412050734624e-06,31.793230768331625,0.002108952863914311,15075.36337693293,15075.362595611992
scenario_011,limitation,15,4.4389816257206505e-06,56.93335357039551,0.002979624403828215,19107.56050233971,19107.757830599054
scenario_011,limitation,16,5.370983354069381e-06,67.24292227573072,0.0032775107833977013,20516.461033889234,20516.592790762603
scenario_011,limitation,17,5.152897868621054e-06,89.29220143767861,0.0032102606078375927,27814.62701803053,27814.539216904057
scenario_011,limitation,18,4.870257459987926e-06,106.3935557272831,0.003120977009629249,34089.82360300115,34089.572053897806
scenario_011,limitation,19,8.53606072259705e-06,162.0291279432192,0.004131845680498174,39214.709471841525,39213.98229810426
scenario_011,limitation,20,1.1924255824302676e-05,565.4904927905716,0.011492142875366007,49206.70574003472,49718.012963101784
scenario_011,limitation,21,2.060719322749538e-05,612.6687106619697,0.01171610383857585,52292.87134215453,52804.29889464541
scenario_011,limitation,22,7.080228751166207e-05,1434.5918678542073,0.026638309240899157,53854.46406829774,55134.15101016373
scenario_011,limitation,23,0.00013138221046626875,2316.195443879378,0.034986907223413626,66201.77739887092,68245.69405433392
scenario_011,limitation,24,0.00020652814327692948,2503.4253315518554,0.03586511264859809,69801.1283578029,71849.44230059443
scenario_011,limitation,25,0.0007167190216094133,3763.893991130854,0.052717974326498974,71396.78713411627,73965.26535620655
scenario_011,limitation,26,0.0020355321475074017,6302.084338923737,0.0862720939719752,73048.93214914801,77144.59746324772
scenario_011,limitation,27,0.0032349543827764338,7418.961582069714,0.10663178439326114,69575.51750900432,74226.14087770697
scenario_011,limitation,28,0.003997487187869853,7254.606657107184,0.10562990069688527,68679.48004537982,72277.06981003397
scenario_011,limitation,29,0.005727493973591069,8454.959471494338,0.12561762152631817,67307.11319608084,71364.69891987821
scenario_011,limitation,30,0.006492840982486703,7630.813414763931,0.11862303439131952,64328.26013867616,66071.00091210761
scenario_011,limitation,31,0.008223586906231373,8099.927787736026,0.13086773572557897,61894.001167109986,63076.44773931734
scenario_011,limitation,32,0.010754514316904773,8726.184765841925,0.14829720417100067,58842.54402921723,59649.49085784469
scenario_011,limitation,33,0.010673614268937648,8933.45128564293,0.14854398323345996,60140.10861417808,61232.91524318512
scenario_011,limitation,34,0.012308963197694478,9554.601413116532,0.15811495343828122,60428.19610256589,58288.08741409612
scenario_011,limitation,35,0.015413589873983002,10385.15237878299,0.1755941510705087,59142.928824621835,57308.040732295165
scenario_011,limitation,36,0.017561253322737946,10702.775984477603,0.18667585745816992,57333.47702380779,55993.46936112869
scenario_011,limitation,37,0.017740984454033604,11031.382371794121,0.18756327612772283,58814.19113346157,57560.70998140141
scenario_011,limitation,38,0.01628647956378848,11358.609589183356,0.18098810266296975,62758.87432410403,63066.56560998721
scenario_011,limitation,39,0.015190057287153613,11925.107952328417,0.17712746739185145,67325.0068322098,68658.48337828126
scenario_011,limitation,40,0.013848427122214901,13496.204788314588,0.16846560608205907,80112.52327517005,81373.643441358
scenario_011,limitation,41,0.014359882241608446,15069.499091536762,0.1694204391374062,88947.34996711255,88895.24974549838
scenario_011,limitation,42,0.017765383107391064,17380.27157554473,0.19067741254038345,91150.13332721712,92612.06599132564
scenario_011,limitation,43,0.0199019883277044,20343.902658038758,0.21100397407978158,96414.78435068068,101391.30755303688
scenario_011,limitation,44,0.018584980006392526,20716.985270647823,0.19619130612948585,105595.83744742826,107944.01866935502
scenario_011,limitation,45,0.020534783488540542,23434.6232091227,0.20748916434428502,112943.84110698826,116162.11136711248
scenario_011,limitation,46,0.015071965405139887,25546.31120093658,0.1867209206407501,136815.47366664672,144377.20989010308
scenario_011,limitation,47,0.05006767860220962,50451.970401797276,0.7054428275010213,71518.15630547925,113170.64905650279
scenario_012,company_law,0,6.640091093634837e-07,1.5572362179769612,0.0011556723236609175,1347.472104414491,1347.5883757841707
scenario_012,company_law,1,1.987487543209099e-06,8.205950420492064,0.006323475569834044,1297.6962320592036,1305.4810599986135
scenario_012,company_law,2,1.9102897131917373e-06,2.1674122986017172,0.0019568728544466763,1107.5897412939344,1107.6913824089845
scenario_012,company_law,3,2.85927500442984e-06,2.4157778170725748,0.002391480949039294,1010.159758137752,1010.1824110069435
scenario_012,company_law,4,3.796526086841112e-06,8.43349926906888,0.005975776178282769,1411.2809813255717,1403.7922584589544
scenario_012,company_law,5,1.3972324056310548e-05,9.95332576550723,0.008115333587743615,1226.483872522442,1218.9147229846687
scenario_012,company_law,6,1.9986943217698006e-05,10.390636255188275,0.008873890987190724,1170.9222335711518,1163.6077867553124
scenario_012,company_law,7,6.676917161829721e-06,7.563732267752439,0.0036562638187164495,2068.70528024636,2068.9403611159346
scenario_012,company_law,8,2.3082230853344043e-06,17.905672195525764,0.0048106343270226054,3722.1021134250145,3738.1140313868063
scenario_012,company_law,9,2.261043005158392e-06,18.09182592400137,0.00463085996326885,3906.79616043294,3922.8588356460787
scenario_012,company_law,10,2.2481432330190287e-06,11.56294726718117,0.002121236418661741,5451.0412726536515,5451.34510933576
scenario_012,company_law,11,2.0218765394153237e-06,34.8722704809243,0.005034759079883479,6926.303707412224,6958.259716044452
scenario_012,company_law,12,2.634675589030522e-06,36.91261273801893,0.004567634301306164,8081.341522341963,8113.232770796905
scenario_012,company_law,13,2.2243087310913623e-06,68.11758682730807,0.006094782271840248,11176.37739776728,11240.261247676677
scenario_012,company_law,14,2.2497329078552397e-06,31.978392741792508,0.0021212351285162336,15075.364494911428,15075.531549238882
scenario_012,company_law,15,3.3690204868097595e-06,50.59232210261389,0.0025958019367124043,19490.054840890254,19490.23422014466
scenario_012,company_law,16,4.821275890742882e-06,142.9314200449294,0.007010688940171188,20387.64253623258,20515.690315860367
scenario_012,company_law,17,4.495068055332396e-06,152.78710445642162,0.005493331203872498,27813.197272488334,27941.09326372063
scenario_012,company_law,18,4.370329053982047e-06,101.53595602272132,0.002956473372791015,34343.60578288172,34343.79182986294
scenario_012,company_law,19,6.484335726586465e-06,292.58119650762796,0.007461479779043583,39212.221324967686,39468.21540415393
scenario_012,company_law,20,9.347359721911808e-06,1297.3674764061273,0.02636722569551057,49203.791532266674,50483.13722465246
scenario_012,company_law,21,1.72039737369456e-05,1316.6796750593812,0.02518045061051961,52289.75825036719,53569.31456134305
scenario_012,company_law,22,6.282604074403508e-05,1894.6600111285866,0.03518342356887112,53850.92804910849,55643.475406240825
scenario_012,company_law,23,0.00011073465550848205,2746.4513221147927,0.041487722444127816,66199.13459490293,68755.49241705997
scenario_012,company_law,24,0.0001411117571155085,2374.8705057093307,0.03377801492881663,70308.1726594681,72358.59356124444
scenario_012,company_law,25,0.000291568927310637,2711.7575798361304,0.037446976297802664,72415.92907984009,74467.50901656314
scenario_012,company_law,26,0.0007687039168282617,3906.4126664900236,0.052736159064529636,74074.65268204332,76630.65249695815
scenario_012,company_law,27,0.0013170668211707204,4840.532359719928,0.06856508328387809,70597.62969555228,73715.69295926602
scenario_012,company_law,28,0.0015630309669958375,6098.121713163681,0.08878814070106371,68681.7143034354,73312.76139498396
scenario_012,company_law,29,0.0017557591176161624,6594.378209153805,0.0980008613805817,67288.98211970658,72424.4380747202
scenario_012,company_law,30,0.002146769961691608,6086.332427984927,0.09654962903730721,63038.382318725846,67375.18106752784
scenario_012,company_law,31,0.0029291189571628573,5991.047519036614,0.09847141521837881,60840.4734079463,64435.82652232003
scenario_012,company_law,32,0.0035107542225157884,6304.0456804242785,0.11004072553939909,57288.29621508786,61178.28480580867
scenario_012,company_law,33,0.0034981748028093396,6210.896217332829,0.10645861660075805,58340.94426217261,61984.408289727704
scenario_012,company_law,34,0.003866473483443933,5109.013565133574,0.08788572697062569,58132.460653607326,58048.94002817969
scenario_012,company_law,35,0.0041869735875281755,5261.640073604895,0.09171920467111887,57366.830561513954,57555.91617561541
scenario_012,company_law,36,0.004614031878535818,5333.676902244914,0.09600053111735905,55558.82702070245,55472.15886347475
scenario_012,company_law,37,0.004967695361955959,5701.35248759094,0.10033725490044847,56821.890266458315,57251.256996753604
scenario_012,company_law,38,0.004574336999240147,5924.190557167231,0.09629770538548199,61519.54019519527,61980.19506735471
scenario_012,company_law,39,0.0045322088997116206,6398.425047203904,0.09574768999259996,66825.89467900916,67266.39665940472
scenario_012,company_law,40,0.003711302553405238,6810.209701100432,0.0860751763133782,79119.32327975909,78800.09427121289
scenario_012,company_law,41,0.003505002069672525,7400.302115490405,0.08365242560639818,88464.88385537491,88163.30411708308
scenario_012,company_law,42,0.004128073731190396,8298.043765088947,0.09153221349358984,90657.08615983676,91351.8306901774
scenario_012,company_law,43,0.004143076083603536,8922.280646327134,0.09253981464521703,96415.58804211725,97671.08478326378
scenario_012,company_law,44,0.004559497728292117,10107.804848009659,0.09612849641251903,105148.89159020796,105924.58116264739
scenario_012,company_law,45,0.0053605618495754515,12056.06222476608,0.10771348311077933,111927.14112092045,114703.20674308638
scenario_012,company_law,46,0.004279265658938658,13548.43319282429,0.09907359249982511,136751.20535119594,141049.68992341045
scenario_012,company_law,47,0.018377940721987618,24158.045685769222,0.338127043641863,71446.65338084259,90076.28603562065
scenario_013,company_law,0,3.1161981961513874e-07,1.0641067282479646,0.0007894643222812212,1347.88450626007,1347.8891964995419
scenario_013,company_law,1,1.3449709568291723e-06,2.1480969532459246,0.001644965154125518,1305.8616760717202,1305.6948934579957
scenario_013,company_law,2,3.496069146291525e-06,2.9516509303338445,0.002664008970451331,1107.973345087416,1107.6107588993646
scenario_013,company_law,3,5.434978927909562e-06,5.141200133988618,0.005071921903188998,1013.6591674954738,1009.746864949146
scenario_013,company_law,4,3.0165221012179444e-06,3.4670128200328176,0.0024699867034561045,1403.6564711792312,1403.2867489908997
scenario_013,company_law,5,1.3169175682947731e-05,6.2905436818139355,0.00513295009896052,1225.5220799999286,1225.3896855332407
scenario_013,company_law,6,1.6954884438535878e-05,6.773356649769852,0.00582465357415894,1162.8771674627708,1162.7053501921273
scenario_013,company_law,7,7.2375004381841634e-06,11.046635663471175,0.005381012570353597,2052.8916294178584,2060.6886508392336
scenario_013,company_law,8,2.963951098444717e-06,32.9766231004004,0.008860141258651949,3721.9071499789748,3753.60323083715
scenario_013,company_law,9,2.6276924108836752e-06,18.153819083112765,0.004646735934523356,3906.7894838261154,3922.5699840450616
scenario_013,company_law,10,2.4814316660348723e-06,12.143380874721268,0.0022277548197425835,5450.9503321933935,5450.968759219304
scenario_013,company_law,11,2.5040351157024077e-06,35.397376870300114,0.005087316854856994,6957.96583546891,6926.159775458291
scenario_013,company_law,12,3.1938718487722895e-06,37.715538343278965,0.004685652715665069,8049.153582635013,8017.369288811708
scenario_013,company_law,13,2.534037239931841e-06,68.51072089326985,0.0061300800407229255,11176.154379411711,11112.40255741557
scenario_013,company_law,14,2.3927918149091454e-06,71.94609254191933,0.004792777481686995,15011.356737679222,15075.33530237728
scenario_013,company_law,15,3.9326987255616785e-06,54.30288880999267,0.0028045647982128745,19362.322754887166,19362.521610053653
scenario_013,company_law,16,5.442430386026764e-06,66.84222501858352,0.003299227627301346,20259.961593877095,20260.02298479671
scenario_013,company_law,17,5.609697127595403e-06,92.73313814284813,0.003349533289293928,27685.39080929571,27685.32508281771
scenario_013,company_law,18,5.326315713483076e-06,111.25687000193408,0.0032638339499343567,34087.78501252238,34087.70568948991
scenario_013,company_law,19,6.306260159849586e-06,290.5631206512592,0.007508002822772579,38700.454369829225,38956.212067669796
scenario_013,company_law,20,7.343805903281542e-06,545.797368341226,0.011092616874663834,49203.66172457089,49715.48802857918
scenario_013,company_law,21,1.2149664986305098e-05,365.89625187841415,0.006929619095700271,52801.784171001185,53058.306517617544
scenario_013,company_law,22,3.406848107945226e-05,1359.6584889193743,0.02512933996563273,54106.41468414467,55388.78449245615
scenario_013,company_law,23,5.888636305217965e-05,1261.60727225574,0.018768325485050634,67220.02307881099,68245.38917711911
scenario_013,company_law,24,7.045426196272686e-05,1339.9931195495235,0.01865034820936077,71848.15556832174,72876.63852548528
scenario_013,company_law,25,0.00023926360659720647,1921.6629616500106,0.026165776456891193,73441.84740001892,74478.81928026641
scenario_013,company_law,26,0.0007840356076905808,4303.51584596532,0.05768924095180922,74598.24006976046,77669.8504718597
scenario_013,company_law,27,0.0014650148001358332,4691.046457194376,0.0659234746952746,71158.96846879387,73734.32590770927
scenario_013,company_law,28,0.0021570969890165603,4736.870327744405,0.0679380566726635,69723.37096080638,70792.70874464182
scenario_013,company_law,29,0.0038930099950176267,6279.59094591101,0.09179672941027774,68407.5673093418,69893.04416660829
scenario_013,company_law,30,0.004160932655892791,6034.644025452642,0.09412086484293303,64115.90071471541,65358.48013066273
scenario_013,company_law,31,0.005707541280774553,6699.688704923383,0.10825879172962703,61885.86255105864,62669.4940307136
scenario_013,company_law,32,0.007246957651139807,7341.408567601879,0.1272763310831744,57680.862616980274,59681.23339791301
scenario_013,company_law,33,0.007087340088956839,7209.6326004079,0.12120599309705024,59482.47620590107,60476.59031812868
scenario_013,company_law,34,0.008358915060158845,7590.529293622195,0.13258077435623147,57252.1116314134,55027.87009058416
scenario_013,company_law,35,0.009436642901013648,7801.307178061742,0.13809678941424106,56491.589783891395,55002.32518309911
scenario_013,company_law,36,0.011285536863361423,8202.385701972229,0.15070105691218252,54428.18962279724,52924.41085110119
scenario_013,company_law,37,0.011395925986286248,8475.374968232516,0.15084046096202317,56187.676132641536,55011.78225987778
scenario_013,company_law,38,0.010503561433182651,9043.616485451232,0.14547025021976004,62168.15102599437,60503.53016042816
scenario_013,company_law,39,0.010415507947375668,10157.853559886917,0.148286941732585,68501.33559437217,65350.05478546624
scenario_013,company_law,40,0.009637059554742033,12157.73334216144,0.14968380387353228,81222.77111846716,75828.17450268996
scenario_013,company_law,41,0.009871649031007568,12572.167169671387,0.1433146812438878,87724.2098335796,84236.38957207525
scenario_013,company_law,42,0.010984992517015457,13888.411194943661,0.1511671356064776,91874.5409789225,87956.7951815236
scenario_013,company_law,43,0.010714255438198927,14546.407188329498,0.14758087995560046,98565.6623859796,95380.95029307155
scenario_013,company_law,44,0.01122156995479251,15554.752511516675,0.1493908785396817,104121.16632264781,102885.42075599475
scenario_013,company_law,45,0.012678456265900806,17792.088790703303,0.16276881442849006,109308.95364185367,111860.51060963889
scenario_013,company_law,46,0.008906931905381943,18400.1918295074,0.13326437031190666,138072.8531297717,136154.59113084362
scenario_013,company_law,47,0.021601361309050437,18946.79566292998,0.2069211605997125,91565.28799672848,90407.68253216195
scenario_014,company_law,0,3.5053900049319964e-07,1.1295162569080743,0.0008381764770245125,1347.5876356227564,1347.535637992056
scenario_014,company_law,1,2.706178072076071e-06,8.185762217309964,0.0063457870855303895,1289.952232399204,1297.5645593358042
scenario_014,company_law,2,3.2468200855673146e-06,4.671278322443309,0.004247751666672218,1099.706077239419,1103.4398517024279
scenario_014,company_law,3,5.7875862781164855e-06,4.937659269058514,0.0049292556240159305,1001.7048507287064,1005.2719846469515
scenario_014,company_law,4,2.7537094704488396e-06,3.2921282137787466,0.0023467922711445377,1402.8204601906098,1402.809927424645
scenario_014,company_law,5,1.1680540271896689e-05,5.849198902038368,0.0048333199199245645,1210.1824416641675,1210.1609111257474
scenario_014,company_law,6,1.571521096532802e-05,6.4377333503420635,0.005608084570263267,1147.9379937453134,1147.7558443501036
scenario_014,company_law,7,6.613711081904228e-06,7.521437870417769,0.003636971902157651,2068.049485330266,2068.0640270194176
scenario_014,company_law,8,2.9445128655325448e-06,32.911825571935644,0.00884304829711691,3721.7738121667676,3753.4111700874532
scenario_014,company_law,9,2.7018393972122468e-06,18.190995549420638,0.004675423360197791,3890.7697010460843,3906.5424413210844
scenario_014,company_law,10,2.5790874803588437e-06,34.09686589097999,0.006255396441414112,5450.792161667049,5482.548234658167
scenario_014,company_law,11,2.595757365497775e-06,35.364881319827205,0.005177602691247641,6830.35826205996,6862.096969035231
scenario_014,company_law,12,2.9809231554267512e-06,19.34169938368073,0.0024417041403180144,7921.393531798497,7921.298325940491
scenario_014,company_law,13,2.450586757296591e-06,24.460235736713752,0.0022138957188476004,11048.50401420264,11048.334269948586
scenario_014,company_law,14,2.3225930855241828e-06,32.078353535413626,0.002155268538499005,14883.69220002347,14883.677016231604
scenario_014,company_law,15,3.3013239246759696e-06,49.095918839381355,0.0025695631061163644,19106.71846218437,19106.735554942796
scenario_014,company_law,16,4.794628594928518e-06,62.737739147848515,0.0030966494597987836,20259.877639468155,20259.81934091814
scenario_014,company_law,17,4.46718478885888e-06,82.75348905485652,0.002989038249833166,27685.657438299902,27685.539081559335
scenario_014,company_law,18,4.199883615774169e-06,98.05496747546283,0.002898232531848846,33832.677812401555,33832.586087139316
scenario_014,company_law,19,5.2351847138476515e-06,284.25329627018897,0.007393731710784955,38445.17320740209,38700.55840808935
scenario_014,company_law,20,7.036505138557914e-06,543.824931129883,0.011110179295749924,48948.34877578593,49459.89064075438
scenario_014,company_law,21,1.2900826285910938e-05,266.9124649873188,0.005079559727782477,52546.37789323556,52546.80333470971
scenario_014,company_law,22,4.3966665692729556e-05,724.2381397959377,0.013384998415789997,54108.19764771653,54622.6207683084
scenario_014,company_law,23,9.048864498217846e-05,1042.677499947821,0.015510169829647235,67225.40832240105,67738.29604870589
scenario_014,company_law,24,0.00010660301497100733,1462.1132621571192,0.020643524034125216,70826.72802086223,71852.76369512573
scenario_014,company_law,25,0.00047196399757554186,2721.2211264722564,0.03784365814862119,71906.92601083552,73462.1758727697
scenario_014,company_law,26,0.0019417716084595416,5618.0441733973375,0.07636406246995522,73569.21556665098,76676.5031009467
scenario_014,company_law,27,0.0026278195585383024,6411.836571465094,0.09013245976197941,71137.92953612257,74765.42241578893
scenario_014,company_law,28,0.0028406608345972195,5947.954107819392,0.08532899637053276,69706.12993021724,72303.13896707646
scenario_014,company_law,29,0.005627284317235359,7828.144541710559,0.11449833555963339,68369.06845369363,70954.23582836948
scenario_014,company_law,30,0.005716044066604309,7330.8650222404185,0.11484033589155633,63835.28022038311,66170.32378079726
scenario_014,company_law,31,0.006669469436734188,7208.7273753459895,0.11700583330032172,61609.98278473154,62424.9576017855
scenario_014,company_law,32,0.0086892918280842,7677.81828168013,0.13257868173699963,57911.40914276741,58366.85160700176
scenario_014,company_law,33,0.00837549828089712,7747.099844030518,0.12973686964615605,59713.94149681532,59947.117429555234
scenario_014,company_law,34,0.009195140526026213,7948.246481170706,0.1389000109513113,57222.792329057556,58494.80323513505
scenario_014,company_law,35,0.011078837489676197,8609.865387117026,0.1531861482096626,56205.247587614045,57708.768209513146
scenario_014,company_law,36,0.012685715010937626,8932.759082226832,0.1649979051615642,54138.621175098975,55881.32906660136
scenario_014,company_law,37,0.012493448187412937,9106.371751026874,0.16357922148411405,55669.489488988904,57417.96595827452
scenario_014,company_law,38,0.011486689964779084,9427.998723626,0.15351986560582323,61412.23929828911,62362.571523493374
scenario_014,company_law,39,0.010344549342431453,9750.751125624447,0.14449678486663892,67480.74799466129,67946.08605704128
scenario_014,company_law,40,0.01024245481124586,11529.634766563815,0.14377481800594527,80192.30993627166,80739.38406622452
scenario_014,company_law,41,0.011398532688961627,13951.17591435394,0.16089753402702464,86708.4508082683,90641.04701528834
scenario_014,company_law,42,0.013705419958025877,15567.284379250545,0.17132943550010285,90861.70355847113,93810.61002820921
scenario_014,company_law,43,0.01450894849682638,17156.216737608636,0.17589465413642433,97536.88548318377,100624.87173760902
scenario_014,company_law,44,0.01442342043298106,19249.007702157018,0.1850204572121316,104037.18589932704,110317.70775071264
scenario_014,company_law,45,0.015716170768325433,22561.041192842567,0.20580479336129673,109623.49721969767,119486.68773244266
scenario_014,company_law,46,0.010913996730400388,22154.896323874844,0.15945597787042148,138940.51900568162,145895.3145056077
scenario_014,company_law,47,0.025349688477339427,22223.972707086257,0.24710126785981046,89938.72390689119,97092.62989140353
scenario_015,company_law,0,4.761768266359212e-07,1.3302939396735782,0.0009761095754006844,1362.8530783826234,1362.8239566706743
scenario_015,company_law,1,1.2945580272205603e-06,2.119166734694998,0.001614259411340114,1312.7795444820879,1312.6080996815456
scenario_015,company_law,2,3.201858854606776e-06,2.8366133047488087,0.0025531722930896518,1111.0152309056114,1110.6349406287645
scenario_015,company_law,3,4.6383259098004e-06,3.0915788927909356,0.003063050646998935,1009.3136709378122,1008.9809252654449
scenario_015,company_law,4,3.815495043801853e-06,3.8842906890534388,0.0027826982269946133,1395.8720537399322,1395.3986756554916
scenario_015,company_law,5,1.8807257270658795e-05,10.330388269016819,0.008531666702132531,1210.8288602547834,1217.9873520508752
scenario_015,company_law,6,2.0166334208315817e-05,7.39064092136953,0.006356625920884533,1162.6672724420935,1162.3266255200124
scenario_015,company_law,7,9.967518809439468e-06,12.121307546344852,0.005860453018009735,2068.32262098082,2076.1534544031847
scenario_015,company_law,8,3.7838000654932813e-06,33.32657871558037,0.008953959253000446,3721.9935644014377,3753.694229992869
scenario_015,company_law,9,3.921628999314919e-06,33.53599153432655,0.008584309106934859,3906.661691298418,3938.3474609539703
scenario_015,company_law,10,2.9512064205761135e-06,13.320991997713042,0.0024295604807849946,5482.881411295021,5482.969260302306
scenario_015,company_law,11,2.505986194556442e-06,35.507104057330615,0.005079554886509188,6990.199899529403,7022.054866660267
scenario_015,company_law,12,2.8884834687437078e-06,19.57724465280743,0.0024035304863840204,8145.203384651185,8145.1835440254645
scenario_015,company_law,13,2.459955570466299e-06,68.61080412309089,0.006069228568271805,11304.699328967208,11240.80684160274
scenario_015,company_law,14,2.473713269890432e-06,72.14226763273994,0.004765041925787602,15139.9019686098,15076.064236777336
scenario_015,company_law,15,3.649988744247601e-06,52.315563795822854,0.002701853692605567,19362.841126075808,19362.906282532855
scenario_015,company_law,16,5.091641902654764e-06,143.55057664779974,0.00704091300118447,20388.062829870316,20515.919411995557
scenario_015,company_law,17,4.652230300217219e-06,153.66990972056405,0.0054996643249550356,27941.68891786326,28069.42648426942
scenario_015,company_law,18,4.21019952334678e-06,99.66150503337727,0.0029017923854020725,34344.808930763036,34344.80893641724
scenario_015,company_law,19,4.764160303150078e-06,121.04140309465419,0.0030867974796857187,39212.615628731815,39212.60752655803
scenario_015,company_law,20,6.629737657859458e-06,314.23358243878636,0.006288240916810857,49971.619503114234,50227.47521844449
scenario_015,company_law,21,1.1488012946037074e-05,254.33094766813664,0.004793394091213246,53058.63503573592,53059.462001848726
scenario_015,company_law,22,3.961967259213939e-05,912.6015977093941,0.016708312686354435,54619.61449013997,55389.75316526583
scenario_015,company_law,23,6.984943700405477e-05,1298.9513864223259,0.019322560600582368,67224.59891693528,68247.51075499313
scenario_015,company_law,24,9.77921905970236e-05,1438.0394580504933,0.02015865790176278,71336.07133264281,72364.81211872348
scenario_015,company_law,25,0.0003894703285032275,2111.74242218309,0.028956147507419056,72928.98413513144,73463.9279900533
scenario_015,company_law,26,0.0007185993097754695,3837.945253972685,0.05217291756948175,73562.02092515655,76146.46916875745
scenario_015,company_law,27,0.0012427865646690295,4407.747800160404,0.0628643118727196,70115.26363455155,72714.45794429499
scenario_015,company_law,28,0.0017631815476839563,4419.731792823933,0.06434995068864101,68682.75337472947,70268.61222020231
scenario_015,company_law,29,0.002216471932983244,4794.099830269148,0.07122966707537348,67304.81872386333,68865.81023236405
scenario_015,company_law,30,0.002671142115785563,4779.976280694633,0.0767718728478732,62262.077286643296,63567.53872830218
scenario_015,company_law,31,0.0035260389692700622,5098.174848903978,0.08561424357098082,59548.208758945555,60352.577626826365
scenario_015,company_law,32,0.0042797536862152485,5428.482117563972,0.09633938508080922,56347.48564162596,57639.23871541025
scenario_015,company_law,33,0.00420167835296692,5404.834440368114,0.09335110351691771,57897.91696879741,58704.38412009266
scenario_015,company_law,34,0.004976575615046053,5507.15864564867,0.10027066819199762,54922.92756146393,54033.52681329163
scenario_015,company_law,35,0.0055340043409438655,5726.891460312699,0.10522468918857233,54425.35876774682,53802.86653271743
scenario_015,company_law,36,0.006753009011690625,6211.37592272669,0.11753356490082231,52847.67741000625,51496.861164622256
scenario_015,company_law,37,0.007228362107990383,6529.165761005247,0.12003672267643072,54393.06918271314,53886.58380809108
scenario_015,company_law,38,0.006618623230308929,6908.894528696891,0.1148926573992301,60133.47314867823,59893.228901394206
scenario_015,company_law,39,0.006399372291210348,7455.072428493083,0.11304172852890355,65949.73843297965,65228.0851423686
scenario_015,company_law,40,0.005421994479001713,8287.606134361642,0.10535831418288784,78661.14979758953,76904.87248352374
scenario_015,company_law,41,0.005425699778772164,8816.373327295087,0.1041397350324064,84659.07201080924,83792.64182260947
scenario_015,company_law,42,0.005725924746965538,9495.328893399283,0.10689061788900048,88832.20137486355,88096.36466627687
scenario_015,company_law,43,0.005467438074877373,10056.636266910713,0.10474944659015142,96006.5813641849,96270.23136430603
scenario_015,company_law,44,0.005960419409155815,11223.891855796945,0.10997800455739738,102055.78743647062,102925.89014213115
scenario_015,company_law,45,0.006042699661137019,12929.332163829527,0.12014138410497742,107617.63950157346,112223.07706714541
scenario_015,company_law,46,0.004440865083980561,13842.102655773919,0.10113052896616352,136873.630517697,141323.40812435452
scenario_015,company_law,47,0.00908382799248808,21442.45947302784,0.22098093869157887,97033.07262602812,113166.33834974845
scenario_016,company_law,0,9.17451187243401e-07,1.8280510811681119,0.00135576919492698,1348.349769273647,1348.272155891801
scenario_016,company_law,1,1.8411893929481948e-06,2.5034632502925414,0.0019278477131160713,1298.57936042369,1298.3367449146735
scenario_016,company_law,2,3.5412916790100724e-06,2.9484575884088704,0.0026779321475817954,1101.0202745694519,1100.6883716910934
scenario_016,company_law,3,1.0097426486721517e-05,8.646203125471862,0.008714322770375794,992.1830248088235,984.7651343382475
scenario_016,company_law,4,3.523136745786637e-06,3.712321592328782,0.0026595140601569705,1395.8646235206113,1395.6313891914344
scenario_016,company_law,5,1.1911328366087659e-05,5.920170317284923,0.004891526366297705,1210.2909958892396,1209.885306769209
scenario_016,company_law,6,1.5134261698745988e-05,6.324485507888569,0.005513381326659383,1147.1155599753595,1146.6860680472778
scenario_016,company_law,7,6.584110627816386e-06,7.446389285554393,0.003628798478791573,2052.0261262990048,2052.014058560984
scenario_016,company_law,8,2.9775406898968626e-06,32.93095951276414,0.008925028360419337,3689.7316381431533,3721.3967473028692
scenario_016,company_law,9,2.697645112736957e-06,18.1563803574549,0.004705539604145299,3858.51185727142,3874.291589648887
scenario_016,company_law,10,2.4952546049394897e-06,34.04162250796181,0.006282320382361838,5418.6384068435345,5450.441590693864
scenario_016,company_law,11,2.3413298364527435e-06,35.01439199613056,0.005102662166889027,6861.985146368805,6893.678956538152
scenario_016,company_law,12,2.9394299964069504e-06,19.438770933396928,0.0024246934111636625,8017.001590344506,8016.842259012174
scenario_016,company_law,13,2.5914843048147063e-06,25.44468136415501,0.0022766517573211075,11176.36075975681,11176.181296718354
scenario_016,company_law,14,2.3465025668079065e-06,32.52030537391269,0.0021663337821831146,15011.678090132757,15011.619472447823
scenario_016,company_law,15,3.7455384339635245e-06,52.644976963376386,0.002736990427861234,19234.62224327717,19234.69123414181
scenario_016,company_law,16,5.312250635158833e-06,144.03798416627052,0.00710949095707676,20259.957433787247,20387.857453108005
scenario_016,company_law,17,4.821015915368321e-06,154.38745112689764,0.005576571452067212,27685.01263794744,27813.118288020345
scenario_016,company_law,18,4.386224687902285e-06,274.966827892232,0.008066310048549024,34088.303851113844,34343.91414784586
scenario_016,company_law,19,4.875658443648234e-06,282.83347149941847,0.007308294663129021,38700.33770345055,38955.86390101436
scenario_016,company_law,20,6.568166860287938e-06,541.9203319071693,0.011013776808188375,49203.85997873769,49715.273476058814
scenario_016,company_law,21,1.1590218151780185e-05,251.75820874617284,0.004814613526209935,52290.42941362668,52290.565505647515
scenario_016,company_law,22,4.168742400445513e-05,558.3955113913693,0.01031994412141635,54108.38516388525,54366.34606220044
scenario_016,company_law,23,9.025617287106158e-05,903.1966947277974,0.013435413519719958,67225.07598311892,67224.27479960323
scenario_016,company_law,24,0.0001049496637482994,1159.6254089163951,0.016255709186839967,71336.5006465043,71854.97134037848
scenario_016,company_law,25,0.000515716253364662,2567.2484606701933,0.03545111544815528,72416.57782036817,73466.96371203184
scenario_016,company_law,26,0.0015175283993013045,4630.849748545538,0.06251389807421179,74077.12350697028,76156.23264339213
scenario_016,company_law,27,0.002411961645429228,5462.959240135153,0.07623756226036023,71657.05563195352,73743.4767855125
scenario_016,company_law,28,0.0028140090626815883,5393.836885198835,0.0757050310791252,71248.06381178707,71798.7306772898
scenario_016,company_law,29,0.005132219975908181,7084.147349429324,0.10133163127923245,69910.5231012026,69934.63769479556
scenario_016,company_law,30,0.0051596237780954235,6695.207066765756,0.103619918075009,64613.128355488465,65641.93953485506
scenario_016,company_law,31,0.006285388707972128,7015.200771204123,0.11430417521839123,61373.092958334884,62405.80558714955
scenario_016,company_law,32,0.00813447001148826,7494.706902442118,0.13052975763906538,57417.61141674776,58609.955510621236
scenario_016,company_law,33,0.007975259976801818,7492.022244061444,0.12704662544854256,58970.65126767907,59440.052739949526
scenario_016,company_law,34,0.008994173442528508,7631.451836922695,0.1338949936124077,56995.79671375785,56225.62643868972
scenario_016,company_law,35,0.011081733607070765,8333.811517358003,0.14886258486825404,55983.251431066914,55974.608025609305
scenario_016,company_law,36,0.012399055485784793,8510.905088248659,0.1571539845904932,54156.47023157638,53879.247984813934
scenario_016,company_law,37,0.012434098618408496,8765.728971449518,0.15742587422863205,55681.628032244014,55452.859581701625
scenario_016,company_law,38,0.011480777468173331,9278.335698921894,0.15109817704060596,61406.0068800727,60642.362748058506
scenario_016,company_law,39,0.010936591685576258,10033.47912508819,0.1486795729665469,67483.91137325727,65479.68309789956
scenario_016,company_law,40,0.010738069846815357,12072.154578428888,0.1495995281457773,80696.47496926044,77253.74134460947
scenario_016,company_law,41,0.011448429029350393,13311.664471047416,0.15355077967112088,86692.26232233201,88170.1980016177
scenario_016,company_law,42,0.013697821479432881,15086.745831833387,0.16606534439735757,90848.24944411126,91350.58556183294
scenario_016,company_law,43,0.014406921596023081,16705.424520532975,0.1703436562818217,98068.9559280976,98643.46900247195
scenario_016,company_law,44,0.0139476612026177,18166.7699588295,0.17381023582301733,104520.71405810562,108298.55081209422
scenario_016,company_law,45,0.015442442076288532,20857.705549726037,0.19019892064534205,109662.58630152137,116123.49405594138
scenario_016,company_law,46,0.010813429805221708,20732.92134227035,0.15030496236052324,137939.03419196582,140984.04581396232
scenario_016,company_law,47,0.02433154016218564,20686.114929251722,0.22296508476958324,92777.37341983021,94279.87103629859
scenario_017,company_law,0,3.038405960165136e-07,1.0534928129659198,0.0007811556227779045,1348.633719385574,1348.5655683582434
scenario_017,company_law,1,7.035191572635213e-07,1.5441445467755808,0.0011887580608332816,1298.956110289746,1298.8536789958823
scenario_017,company_law,2,1.817584188268384e-06,2.1074295212290535,0.0019069781726876692,1105.1146528116108,1105.0712845562286
scenario_017,company_law,3,4.798402955974446e-06,4.650782862995726,0.004654013849385701,999.3057634776052,1002.7717490962273
scenario_017,company_law,4,3.9087279650740214e-06,8.480117905300862,0.0061074610249935,1388.484981008927,1396.018866087652
scenario_017,company_law,5,1.0130775259686864e-05,5.459156597526613,0.004511805333145112,1209.971661991258,1210.332223538702
scenario_017,company_law,6,1.5335201827615386e-05,6.361574387812602,0.005550081784073789,1146.2127289849004,1146.6135417160215
scenario_017,company_law,7,6.932021626937512e-06,11.240708401127732,0.005478704466540425,2051.709207856903,2059.940765471841
scenario_017,company_law,8,2.4672110691126292e-06,33.080681145054676,0.008889593071299872,3721.281826932657,3753.3038801159514
scenario_017,company_law,9,2.5695661244329315e-06,18.55907446156991,0.004732539099672336,3921.589250652968,3937.870439611765
scenario_017,company_law,10,3.836289595104958e-06,15.103355880439102,0.0027710665965208765,5450.376363888777,5450.7861933606
scenario_017,company_law,11,3.5834654528166254e-06,18.543721955396776,0.0026775948536236823,6925.514489356338,6925.842542829554
scenario_017,company_law,12,4.029242153147372e-06,39.42973851653552,0.00491834521675003,8016.870874019312,8049.037714560624
scenario_017,company_law,13,2.992810673174695e-06,69.81463253389316,0.0061762469241130455,11303.730791805909,11367.800591295436
scenario_017,company_law,14,2.5490139690109714e-06,72.99476313586476,0.00478122377778129,15266.962294272224,15331.2661163591
scenario_017,company_law,15,4.663328806886469e-06,141.3758876209406,0.007253501430565878,19490.709276652233,19618.852806745952
scenario_017,company_law,16,5.705454321436321e-06,265.24032363367064,0.01292856592018293,20515.834878453225,20771.744382455418
scenario_017,company_law,17,5.427620326292626e-06,157.43912030060523,0.005660507668985966,27813.604274969417,27941.47488301658
scenario_017,company_law,18,4.83137107210041e-06,105.96442921322176,0.0031084916379200012,34088.69688455273,34088.490982050054
scenario_017,company_law,19,5.4357572043528535e-06,126.76213370788334,0.0032971938674010363,38445.459625885356,38445.31189322635
scenario_017,company_law,20,1.0571688047744665e-05,558.8948911583873,0.011477952086133586,48692.910282626406,49204.48225701566
scenario_017,company_law,21,2.3748135129841863e-05,441.513167959304,0.008485049666193479,52034.24674323367,52290.569308395345
scenario_017,company_law,22,6.367846383348308e-05,977.097609845741,0.018406755342608525,53083.6419379099,53852.178431283115
scenario_017,company_law,23,0.00011136072351736193,2268.0204270265444,0.03479613359156428,65180.2425421308,67221.82400953911
scenario_017,company_law,24,0.00010532159470455493,1838.4045105039677,0.026533403625495652,69286.41860094666,70818.1368578352
scenario_017,company_law,25,0.0002420314598299278,2571.413417342809,0.036540106367370345,70372.3571981453,72408.43165076477
scenario_017,company_law,26,0.00038184969370713695,2862.671766209365,0.039742615538617354,72030.28103240328,74060.27422359504
scenario_017,company_law,27,0.000576119001552966,3138.1699647649243,0.045431310072482814,69075.04889817552,71121.38607861691
scenario_017,company_law,28,0.0006097002829522635,3190.294037800071,0.04610259555124192,69199.87908824213,71241.0760619749
scenario_017,company_law,29,0.0006696561645925803,3238.5826090485734,0.047751367563440957,67821.77714064199,69857.20584139641
scenario_017,company_law,30,0.0007607320438296483,2839.3482839872086,0.04396166194925786,64586.918648901104,65848.34659188359
scenario_017,company_law,31,0.0009461049981650538,2903.7713471224492,0.04673138487489768,62137.49827650078,63141.43794132411
scenario_017,company_law,32,0.001035393229330439,2872.9082464085245,0.04904165180276573,58580.98454682363,59593.12891707116
scenario_017,company_law,33,0.001012517253530354,2901.1910566858223,0.04844897553855901,59881.37054367344,60897.429170216994
scenario_017,company_law,34,0.0010451501490339465,2919.1856532563397,0.04934793236928465,59155.176581892854,60193.7170786294
scenario_017,company_law,35,0.0011451998592668655,3090.3230304295967,0.05316330075299816,58128.878129436256,59409.655980664764
scenario_017,company_law,36,0.0012761690739816478,3240.627909443882,0.058057972413255096,55817.104434463865,57344.24914649932
scenario_017,company_law,37,0.0013994810845116001,3534.220182571111,0.061901215987023285,57094.5194891165,58851.21260997728
scenario_017,company_law,38,0.0012983523380533102,3517.9462378787116,0.05715343772606389,61552.66205928344,63067.77449041151
scenario_017,company_law,39,0.0012349456852321916,3791.2433349027574,0.056914768601315426,66612.64603323246,68379.91839423864
scenario_017,company_law,40,0.001013636377483973,4390.056522655487,0.05578023142730228,78702.73052518608,81215.59611912942
scenario_017,company_law,41,0.0009001543359232755,4314.4654849990075,0.04843305733408788,89081.00628952913,91082.84428744574
scenario_017,company_law,42,0.0011366312929087519,4858.40266032205,0.052923099050028684,91801.17467666355,93808.02561192535
scenario_017,company_law,43,0.0011739616155516108,5194.3311995301765,0.05325112060935964,97544.07306533188,99586.8874482501
scenario_017,company_law,44,0.001470318938888382,6005.103445506609,0.056514124562871436,106258.45294349358,107800.26190455595
scenario_017,company_law,45,0.0018939310822942979,7573.41690672489,0.06583669244517225,115033.37463424231,117513.75902776947
scenario_017,company_law,46,0.001646939011888282,8620.498736348083,0.06206395101598345,138897.03435296973,141957.4374337845
scenario_017,company_law,47,0.006041408667415649,11134.189398888117,0.14250816680030867,78130.1847387458,84759.96530721836
scenario_018,employment,0,1.3373987128861842e-07,0.6970198095137855,0.000517189966086272,1347.7055921798687,1347.7021840785544
scenario_018,employment,1,2.1947527429899694e-06,8.142752504577475,0.006273994402818221,1297.8577891175396,1305.53026411845
scenario_018,employment,2,3.524022275103178e-06,4.606362682138049,0.004172395796215309,1104.009041116469,1107.558765924469
scenario_018,employment,3,5.343525686707373e-06,4.793653504630306,0.0047126306384538495,1017.1927045407147,1020.640015079207
scenario_018,employment,4,2.2171011663241202e-06,2.971613759957376,0.0021061204320119687,1410.9419930552617,1410.883390298778
scenario_018,employment,5,1.152666191306384e-05,5.88795255123421,0.00480190273073248,1226.1707246902238,1226.0692064919058
scenario_018,employment,6,1.8716018828413006e-05,10.217874187640698,0.008729403910721719,1170.5122471295886,1163.2020040195778
scenario_018,employment,7,6.628117207529982e-06,7.533614639434051,0.0036422538170871096,2068.3936424450108,2068.5849271326488
scenario_018,employment,8,2.2248641512456757e-06,17.81786599438415,0.004787141289639633,3722.0263443959147,3738.0128186158972
scenario_018,employment,9,2.4095231452303523e-06,18.225864862236083,0.004664837677555556,3907.073755197996,3923.145958192997
scenario_018,employment,10,2.0917541581066956e-06,33.96849280745167,0.0061596258939547646,5514.700631541492,5546.730165159061
scenario_018,employment,11,1.9383820853979827e-06,13.766138435795147,0.0019693869780035415,6990.062689330118,6990.339430067309
scenario_018,employment,12,2.209415588927399e-06,16.789552204841485,0.0021023916681262014,7985.929767218641,7986.191565455671
scenario_018,employment,13,2.1190044238172945e-06,23.01210901269085,0.0020588374875420094,11177.234313993567,11177.528236510094
scenario_018,employment,14,1.749710295095852e-06,28.084178095902274,0.001870760175185425,15012.174445673478,15012.419273952775
scenario_018,employment,15,1.8629093081479198e-06,37.622512649619175,0.0019302852155944354,19490.649540116403,19490.878953159787
scenario_018,employment,16,2.836805849781854e-06,137.212020841945,0.006687903669248438,20516.44695076243,20644.60333277106
scenario_018,employment,17,2.8207765656595996e-06,264.09958915678493,0.009583121673919713,27558.826668717673,27814.60807607251
scenario_018,employment,18,2.968449474005652e-06,268.8258222424237,0.007945461957510573,33833.88199201078,34089.65491935804
scenario_018,employment,19,2.980336180957721e-06,273.06080733438426,0.007009104811581254,38958.01456459912,39213.8585027287
scenario_018,employment,20,4.712706712428627e-06,534.3829683336594,0.010748463717548807,49717.14864340871,50229.03495498542
scenario_018,employment,21,8.88535834386861e-06,221.51902576534093,0.00421560501418461,52547.386441561,52548.29774142012
scenario_018,employment,22,2.6021852736923812e-05,645.1341138645718,0.01192287400444357,54108.94333229848,54621.17683098878
scenario_018,employment,23,4.27927102770731e-05,1193.9630085120689,0.018033856379225055,66206.74931666366,67228.8094318068
scenario_018,employment,24,5.0490341717002174e-05,1691.4081606378138,0.02423180838052944,69801.15285150908,71336.74383465988
scenario_018,employment,25,0.00011149711834501641,1883.3686697561027,0.02619158684079084,71907.3907665243,73446.66499205571
scenario_018,employment,26,0.00023395718078000893,3022.3170466259958,0.041663931913239256,72540.37023965122,75106.51208055747
scenario_018,employment,27,0.0003525369798723643,3189.1142844191795,0.0458360946467004,69576.48353334906,72151.54524593313
scenario_018,employment,28,0.0003795012531895292,2459.576766592552,0.03581289448643093,68678.52492415701,70224.14192310287
scenario_018,employment,29,0.00041340124322364336,2504.6846953305767,0.03721912903112259,67295.62890190586,68858.36769452617
scenario_018,employment,30,0.00047164695183543603,2503.928715171502,0.03954833965649717,63313.1185005423,64861.01148430081
scenario_018,employment,31,0.0006049866659642023,2513.0447185422076,0.04093959916088978,61384.20429242887,62672.800869319035
scenario_018,employment,32,0.0006759835646301671,2661.8281226324993,0.04563835564069897,58324.36522447267,59862.232198582926
scenario_018,employment,33,0.0006642194307563409,2431.9560712788702,0.04061841029303801,59873.24599199559,60907.62638113095
scenario_018,employment,34,0.0006637059246800137,2354.874086646405,0.03897326092169685,60422.813769104454,61219.8311459478
scenario_018,employment,35,0.0007423028880297888,2433.303750710122,0.04115874501618401,59119.969516886966,59932.78890477836
scenario_018,employment,36,0.0008158996668070628,2466.570594713806,0.043032557898170946,57318.707397094906,58123.40348353781
scenario_018,employment,37,0.0009249292391201314,2604.0800123542576,0.04427921189475544,58810.44176088176,59377.4520461635
scenario_018,employment,38,0.0008685194032815868,2712.380516889951,0.042880162276146126,63254.90326791104,63840.134267933405
scenario_018,employment,39,0.0008524299187249174,2843.807340898167,0.041326674261991436,68812.87671177657,68887.66595613796
scenario_018,employment,40,0.0006732525367638686,3038.9814961771663,0.03747608500963401,81091.2211186396,81656.35177679188
scenario_018,employment,41,0.0006468258249393566,3395.554489342414,0.03818394798597556,88926.22864952452,90010.22732402495
scenario_018,employment,42,0.0008078057911050651,4017.764335135343,0.04408985083359311,91126.73912868202,92705.90501506257
scenario_018,employment,43,0.0008616372075219703,4320.227621242269,0.04507416814026594,95847.08491564808,97449.7426760644
scenario_018,employment,44,0.001086299537892188,5015.492596380188,0.04796801565298128,104559.1010615105,105635.43372958993
scenario_018,employment,45,0.0014288617136188897,6154.226501541472,0.05569455893906683,110499.60029802127,112075.54198005599
scenario_018,employment,46,0.0012362786563293593,7404.261258800517,0.05532001605291549,133844.16323592688,136927.760577841
scenario_018,employment,47,0.005591742549805878,10106.663310725611,0.1459834139492145,69231.58622829284,75822.42096517696
scenario_019,employment,0,4.1707623932296656e-07,1.2194238024303472,0.0009149042432471558,1332.8430941607594,1332.914282737521
scenario_019,employment,1,7.095626746167483e-07,1.5382192920216118,0.0011914373048574419,1291.0618844569947,1291.0352115920384
scenario_019,employment,2,3.2557494634710693e-06,4.556868953591818,0.004138488443785256,1101.0950049733353,1104.6789623805164
scenario_019,employment,3,4.332502118509218e-06,4.551414907732634,0.004490025329788856,1013.6724346601103,1010.2312086945755
scenario_019,employment,4,3.891728513227832e-06,8.40655744257242,0.006055710972497517,1388.2032152378897,1380.7365344445623
scenario_019,employment,5,1.4453973391947983e-05,9.891614448063686,0.008219987425132618,1203.3612627946445,1195.8616660475832
scenario_019,employment,6,1.4751146031555251e-05,6.234504235946029,0.005435497927968277,1146.9978130000707,1146.7442578998305
scenario_019,employment,7,6.01791103815863e-06,10.442869943650907,0.005147329528510313,2028.7937435925487,2036.4960785010048
scenario_019,employment,8,1.931935831755993e-06,17.43426363104822,0.00472493203020648,3689.8443235989453,3705.691127543112
scenario_019,employment,9,1.972126012161901e-06,17.675655318175146,0.004561829472637209,3874.6856769191745,3890.5907049634734
scenario_019,employment,10,2.203554597124402e-06,33.897450778453354,0.006218936093710934,5450.683246726568,5482.578951673541
scenario_019,employment,11,1.9611119562723545e-06,13.779691050060025,0.0019804796022826724,6957.754593472082,6957.802942203204
scenario_019,employment,12,2.523685240340967e-06,17.940744473780967,0.0022466345341977554,7985.608785359199,7985.60155396032
scenario_019,employment,13,1.9136687946508246e-06,21.991146854422624,0.0019563574152354035,11240.86359842201,11240.834899536687
scenario_019,employment,14,1.5557953078060294e-06,26.81934324936093,0.0017639717682413432,15203.952655149047,15203.885452616767
scenario_019,employment,15,2.4738826146508686e-06,42.78729653383914,0.002224379077595347,19235.61364373833,19235.76144031076
scenario_019,employment,16,3.1685928688629517e-06,51.648061926080196,0.002517418466872645,20516.279913621944,20516.519238920242
scenario_019,employment,17,3.0528865035961417e-06,68.73034928125273,0.0024710418460004366,27814.32026029744,27814.70417863637
scenario_019,employment,18,2.9254443177917366e-06,269.15240045618333,0.007955245949022215,33833.322336095094,34089.63230755229
scenario_019,employment,19,3.2575134371048975e-06,274.66772523467887,0.007097023826740949,38701.81810574674,38957.980870633175
scenario_019,employment,20,5.1010794650530045e-06,536.0106332670764,0.010893497370516519,49204.64154310998,49716.842542273334
scenario_019,employment,21,1.0580121052372604e-05,351.3427823464018,0.006751963182678172,52035.6484241138,52292.28707563979
scenario_019,employment,22,2.9654379925525554e-05,660.2325589708533,0.012318570217805195,53596.52518898311,54110.2415081952
scenario_019,employment,23,6.876154580881533e-05,937.6138710223004,0.014055014912927483,66710.27222887572,67222.52866377197
scenario_019,employment,24,8.069892381312727e-05,1784.644510430643,0.025381266329768885,70313.45431088637,71852.78500824283
scenario_019,employment,25,0.00022591196666943425,2575.617056990856,0.035818625984231266,71907.19873299275,73964.07869461659
scenario_019,employment,26,0.0005306366573186727,4342.320970598257,0.05944373639879164,73049.26025286874,76642.86507614322
scenario_019,employment,27,0.000977657509311003,4441.460772536401,0.06334166916616084,70119.09902287787,73231.3639466618
scenario_019,employment,28,0.0013574486064862334,4505.441992341728,0.06509069299368227,69217.91403847902,71825.88667291365
scenario_019,employment,29,0.0015652807955105486,4981.592383741331,0.07336705914672165,67899.57838951937,71017.35685745376
scenario_019,employment,30,0.0018682225167437894,5225.83598136711,0.08149497183329198,64124.64307684164,67463.10426082522
scenario_019,employment,31,0.0025075890965987613,5434.470538758707,0.08812889881812777,61665.02261617795,64748.723337986434
scenario_019,employment,32,0.0030385523260491043,6040.239420759221,0.10423272546830685,57949.548892836196,61786.90197668922
scenario_019,employment,33,0.0028980010356656205,5610.233263032854,0.09351810932746145,59990.875600234336,63079.79390217912
scenario_019,employment,34,0.0033287899579064195,4810.528736817301,0.08186064110394028,58764.855392584395,58134.75503056562
scenario_019,employment,35,0.0037218031366270665,4960.102307145905,0.08623873988720428,57515.94136966121,57145.780023148836
scenario_019,employment,36,0.0042483051591538645,5129.31247113382,0.09209886824668233,55693.54508673447,55563.18836292797
scenario_019,employment,37,0.004349276486885767,5344.00955470346,0.09341866047673009,57204.947356685916,57350.02876210141
scenario_019,employment,38,0.003827555075399336,5516.8849625340745,0.08768026780970928,62920.4848519311,63112.70613721748
scenario_019,employment,39,0.0036649202278593584,5947.772809389011,0.08554593579355131,69527.24000521566,69181.82071490391
scenario_019,employment,40,0.0031605870772986044,6629.284958277509,0.08059647093146197,82252.7944668316,80875.25949580196
scenario_019,employment,41,0.0031412343705384815,7054.465691695757,0.07947389616265835,88764.5633637674,87900.29874827231
scenario_019,employment,42,0.0034070579859987182,7678.404124904454,0.08264849737895105,92904.3402894339,92093.87498760468
scenario_019,employment,43,0.0032621006113613404,8068.923644805766,0.08141324220371388,99110.7027111823,99848.18415874708
scenario_019,employment,44,0.004164905862063972,9615.15225115232,0.09182063425914687,104716.68300629812,105420.77548689432
scenario_019,employment,45,0.004825903212711147,13226.25007950664,0.12018444766782753,110049.59739934145,117155.49434899869
scenario_019,employment,46,0.003549087990461497,14571.008195665461,0.10460321691022322,139297.8975796813,147453.7404736596
scenario_019,employment,47,0.012461340593244663,34209.56662776685,0.3839525851804021,89098.4146172458,119191.93948725169
scenario_020,employment,0,4.915354657741844e-07,1.3225083367852486,0.0009919801352084362,1333.2004239251842,1333.2409448381209
scenario_020,employment,1,7.304114680861673e-07,1.5618888336215293,0.0012092450645774476,1291.6230790384145,1291.5729313293189
scenario_020,employment,2,1.5439132200478767e-06,1.9454558965482647,0.0017595335971248157,1105.6656717025792,1105.5642435201385
scenario_020,employment,3,4.115430163431633e-06,4.604692069252991,0.004432001175527115,1038.9645414986464,1035.450504007498
scenario_020,employment,4,2.3311173865669943e-06,3.0480163618890215,0.002159248779993917,1411.6096255928453,1411.5904925259797
scenario_020,employment,5,1.422804452422266e-05,9.928458349981446,0.008146891572338045,1218.6805558690057,1226.1673556962326
scenario_020,employment,6,1.6336180872822403e-05,6.648571209734064,0.00571919096060994,1162.5020488955674,1162.7068219375067
scenario_020,employment,7,6.8330771169078375e-06,11.10932684135461,0.005391699263691757,2060.4500173379347,2068.522860170901
scenario_020,employment,8,2.7992213211813777e-06,33.07691207392015,0.008886643500425465,3722.0928320503153,3753.965347963241
scenario_020,employment,9,2.9613390514215965e-06,33.30122448780045,0.00855757314765638,3891.433226827922,3923.347915948534
scenario_020,employment,10,2.1055134324932112e-06,11.321288232631385,0.0020528711585362167,5514.855711014977,5515.158860100935
scenario_020,employment,11,1.9141802541922104e-06,13.803809508817448,0.0019568885215523173,7053.95803429184,7054.173741069432
scenario_020,employment,12,2.323784751734337e-06,17.628973794017835,0.002155891638042227,8177.114973193537,8177.238696917608
scenario_020,employment,13,1.6334819290531044e-06,20.778633429069433,0.0018074796880854333,11495.915315695265,11495.950006251387
scenario_020,employment,14,1.4781079015202536e-06,69.03542782750542,0.0044841329395465465,15395.490891598443,15331.709173881676
scenario_020,employment,15,2.8065965289592043e-06,135.80464822373258,0.006922046732778988,19619.146397934128,19491.48911592348
scenario_020,employment,16,3.4196924451057598e-06,54.65850198216579,0.0026152206136950055,20900.149569003137,20900.1278306834
scenario_020,employment,17,3.2577624137219985e-06,146.54586601947136,0.005220581677546338,28070.792695335746,28198.53576932102
scenario_020,employment,18,3.214519111116587e-06,270.15143993898715,0.007924783976370583,34089.43899852674,34345.2799837688
scenario_020,employment,19,4.4043597720033745e-06,115.62391951803609,0.002967955716339722,38957.42745805895,38957.56011374039
scenario_020,employment,20,5.809128642120243e-06,539.4615916968436,0.010963681974033726,49204.41809371149,49716.86047264447
scenario_020,employment,21,1.1296015097750356e-05,570.8570279810432,0.01091695771593237,52290.85271145879,52804.172487780525
scenario_020,employment,22,4.587919702048193e-05,1150.4950348719158,0.0213640098487064,53852.017623067084,54877.9155149318
scenario_020,employment,23,0.00012022339816031291,1856.4335612802474,0.028042571146129337,66200.54743220247,67739.40719158266
scenario_020,employment,24,9.898991436707583e-05,1429.8594792665263,0.020334712085181745,70316.19003391199,71341.53837244694
scenario_020,employment,25,0.0003099325329634084,1815.9972158874898,0.02489849021095044,72936.03750675646,72943.13137986635
scenario_020,employment,26,0.001173272386626345,3711.806984071992,0.05082134655526615,73036.3761620435,74076.5849577652
scenario_020,employment,27,0.0018654507976098023,4268.8858071127,0.06180501039106884,69070.22230239083,69605.44729969153
scenario_020,employment,28,0.0019103920302175892,4197.314384454232,0.062023991671022495,67672.43241481361,67173.47741213863
scenario_020,employment,29,0.004478411334098764,6284.37046514392,0.09473607937732226,66335.55564521557,65628.70740651619
scenario_020,employment,30,0.004367161678877074,5847.2901967744165,0.09341743652626101,62593.13479588639,62106.90682267962
scenario_020,employment,31,0.005300177796114469,6224.27659756615,0.10306744633213281,60390.32516153103,59640.519477418464
scenario_020,employment,32,0.007700229531787284,7011.129078092734,0.12391129786988368,56581.83877191694,55943.36298562124
scenario_020,employment,33,0.007708778946957984,7149.548605305206,0.12402352350338604,57646.714134113536,57482.978241161574
scenario_020,employment,34,0.008409472340111801,7369.725566626494,0.12946216670295502,56925.708524066256,56247.93926323999
scenario_020,employment,35,0.01102998089243179,8293.446107858203,0.14833713953626762,55909.43801252484,55745.60944700581
scenario_020,employment,36,0.01334529484513447,8824.707703960128,0.1632153735457075,54067.87064386935,53955.06980812775
scenario_020,employment,37,0.012909563541648295,8940.43356736501,0.16090677922123234,55562.8147591763,55703.6427573469
scenario_020,employment,38,0.011922527972979657,9476.228853503375,0.1578231220977706,60043.34933656236,61411.969901860255
scenario_020,employment,39,0.010522822246155084,9871.358569035727,0.1510659556280924,65344.6935015452,67494.88509242835
scenario_020,employment,40,0.010600612188595093,11598.20948085409,0.1484692648145761,78118.58902473279,79703.66738491778
scenario_020,employment,41,0.011195767723217731,13147.586137979997,0.14947398295684203,87959.02723603834,86206.03133664565
scenario_020,employment,42,0.013104474829899071,14565.767694486252,0.16168945153968306,90084.83581200973,89832.92228557836
scenario_020,employment,43,0.01431652443322562,16274.565200590205,0.17073954223932614,95318.07914641178,96518.03498084805
scenario_020,employment,44,0.014016277141119526,17508.9833988828,0.16687654553366027,104921.77521346824,103092.53272472094
scenario_020,employment,45,0.01531712944895225,19572.206286280547,0.17447946606296066,112174.8405581316,109717.31364360082
scenario_020,employment,46,0.010690095190310722,20215.424111054588,0.15020246225388295,134587.83436509204,137992.12207780805
scenario_020,employment,47,0.027287207509057887,24582.858302316425,0.3133876402209136,78442.33513800177,92827.33582181687
scenario_021,employment,0,5.311158247645054e-07,1.358586027574226,0.001030807667094818,1317.9820745835193,1317.9573208134113
scenario_021,employment,1,8.450990812702841e-07,1.6705559483893728,0.0013010212140447867,1284.0343649706738,1283.969609969297
scenario_021,employment,2,1.367548208008884e-06,1.8116807147665546,0.001654449727146286,1095.0352162658166,1094.9834262996774
scenario_021,employment,3,4.480017828156768e-06,4.832602607064622,0.0047969925877040355,1007.4234051250912,1011.1952010221764
scenario_021,employment,4,4.039704797786925e-06,8.633284788406547,0.006183531755509345,1396.173761170474,1403.835221891651
scenario_021,employment,5,1.0646888668364163e-05,5.624723800739563,0.004617841823966955,1218.0416772932354,1218.2424713684163
scenario_021,employment,6,1.7829077879949473e-05,10.006293621167702,0.008723805626834379,1147.010152356948,1154.2844475334612
scenario_021,employment,7,6.2028837690686345e-06,10.73831778791032,0.005252639350389884,2044.3660932314447,2052.3197513825294
scenario_021,employment,8,2.489179038112077e-06,32.869925238952895,0.00883233283184911,3721.5451302316183,3753.33967645348
scenario_021,employment,9,2.1923735893381036e-06,17.9565339754239,0.004634462386246262,3874.5667736377954,3890.57739853498
scenario_021,employment,10,2.3870045239293702e-06,34.19298852196583,0.006273567152332953,5450.326375999733,5482.365567928955
scenario_021,employment,11,2.04369319778408e-06,34.951249001133576,0.005046724428580942,6925.531499836877,6957.541504998193
scenario_021,employment,12,2.314950714343844e-06,17.113672018215496,0.0021518252089433596,7953.095793788501,7953.247151120997
scenario_021,employment,13,1.8085713728854813e-06,21.377491981490262,0.0019019177218489905,11239.966764023668,11240.084804158447
scenario_021,employment,14,1.5661984605896961e-06,69.3466851097623,0.004580587787237745,15139.254683203175,15203.192110478509
scenario_021,employment,15,2.563166298541475e-06,135.34281191151752,0.007036320228732208,19234.885211570785,19362.980493659263
scenario_021,employment,16,3.5413198037348437e-06,139.32953137193527,0.006833893787348363,20388.015340518905,20516.273473302426
scenario_021,employment,17,3.371785956218787e-06,146.7699122526111,0.005325822769877971,27558.1668024552,27686.214402118992
scenario_021,employment,18,3.4741108901892304e-06,271.2459100305049,0.008017176731919488,33833.096001310514,34089.14418554938
scenario_021,employment,19,4.629498203456706e-06,776.4351280647213,0.020061989787908293,38701.80058274639,39469.07378493859
scenario_021,employment,20,1.144373060135706e-05,1301.3349559464723,0.026585397245854642,48949.23870845618,50228.76994334787
scenario_021,employment,21,2.3537222066938313e-05,627.7591510623749,0.011946656353083337,52546.84930318225,53059.52150962308
scenario_021,employment,22,9.324604770244438e-05,1705.2102572881354,0.0319679587411055,53341.23054580639,54878.055392700284
scenario_021,employment,23,0.0001636632448658304,2827.1406200576357,0.04303604158454425,65692.39446671045,68246.84580789488
scenario_021,employment,24,0.00021740868697905924,2954.261149808683,0.042636683010884226,69289.18811659256,71851.008076725
scenario_021,employment,25,0.0005517039945409641,3512.46665722209,0.04955145853647803,70885.23246265973,73452.77771771216
scenario_021,employment,26,0.0013107931689262386,5619.388124648032,0.07691829560503625,73056.58660850645,77155.41541570683
scenario_021,employment,27,0.002296221540227683,6111.247995010705,0.08654476664565812,70613.72087386987,74256.09385948541
scenario_021,employment,28,0.0031931174436838905,6288.538131819064,0.0895397649872136,70231.79179347942,72852.85781369536
scenario_021,employment,29,0.003460772283531144,6897.897751013573,0.10018035517321108,68854.79432656392,72466.5493819379
scenario_021,employment,30,0.0043382983713999845,7080.6005284171615,0.10787970128176738,65634.22445825631,68932.5676987413
scenario_021,employment,31,0.006054846378781731,7642.196969595755,0.12090846637466647,63206.46683181317,66012.91796951351
scenario_021,employment,32,0.007257536618363036,8031.705583687585,0.13408465840882014,59900.25763573304,63017.51571886813
scenario_021,employment,33,0.007361277910264974,8130.414720302334,0.1328622253453482,61194.328931108765,64086.663920154686
scenario_021,employment,34,0.00867567386975121,8303.210129069314,0.13560384148280544,61231.37839072324,58657.99766026165
scenario_021,employment,35,0.009463183529858754,8317.04371698371,0.13876279083006446,59937.132045500286,58144.083280606734
scenario_021,employment,36,0.010831532170862523,8614.979137254362,0.14883031138104078,57884.57376265228,55834.153170996346
scenario_021,employment,37,0.01167994250499671,9071.090569773534,0.15338516464012533,59139.29545309202,57418.1953479304
scenario_021,employment,38,0.011059267705773923,9440.953642097878,0.148488421558212,63580.40272114237,62416.20079039596
scenario_021,employment,39,0.01141584845003829,10389.80247627315,0.15075851574478974,68916.85305433384,67773.63622129874
scenario_021,employment,40,0.009778016076637752,11766.124555596696,0.14396246339867955,81730.50306184618,78024.71150086225
scenario_021,employment,41,0.009243480861701237,12808.284779420619,0.1405662621501836,91119.19591157662,86919.89760502044
scenario_021,employment,42,0.010017292220831475,13305.649770772141,0.1425227461977243,93358.07880317561,90606.60735685774
scenario_021,employment,43,0.01017739152273367,13969.305681013453,0.14232901841488121,98147.98019820315,96901.84771514394
scenario_021,employment,44,0.010584127846504754,15682.11801056159,0.14538907904613912,107863.10851852139,105746.20550348863
scenario_021,employment,45,0.012015302463104338,18111.98943642369,0.1545534475158865,117189.16483284505,115695.72975866501
scenario_021,employment,46,0.009405353371399805,19512.97020943981,0.13934139175766808,140037.1416081108,142408.57269880123
scenario_021,employment,47,0.03117906670276982,29157.081809766867,0.3831794971886891,76092.48935208307,95961.99230999137
scenario_022,employment,0,7.38426603308362e-07,1.6475354433878038,0.0012154824312351575,1355.4580478087203,1355.488686884882
scenario_022,employment,1,1.0654898406903257e-06,1.9071839482126536,0.001460878609833665,1305.5047389801982,1305.5770571775536
scenario_022,employment,2,2.616630568108569e-06,2.5668288539599136,0.002303026998656819,1114.5457067837026,1114.8390983679433
scenario_022,employment,3,3.94107815038236e-06,2.8465425729855025,0.002830546382295108,1005.651273121843,1006.0096961118925
scenario_022,employment,4,3.0062959478494022e-06,3.4698296912287754,0.002473451751188277,1402.8289371570825,1403.2801117063057
scenario_022,employment,5,1.298609053757005e-05,6.187263899992375,0.00511423968198787,1209.8110930904645,1210.3135362708285
scenario_022,employment,6,1.767418708809032e-05,6.791615512311279,0.005956733727136059,1140.1576473650136,1140.5558187378977
scenario_022,employment,7,6.2508883360568035e-06,10.864397833789793,0.0052935412706652234,2052.3874809470403,2060.4600794189787
scenario_022,employment,8,2.0106952777210196e-06,7.530027622726962,0.002006284438514284,3753.220370040442,3753.44390530106
scenario_022,employment,9,2.262413265397001e-06,18.06522765733064,0.004643430775110969,3890.4914345145844,3906.54081118871
scenario_022,employment,10,2.2659869817198697e-06,33.989528344426795,0.006199841753743691,5482.321919572008,5514.232464065554
scenario_022,employment,11,2.059537514864651e-06,14.185627105792737,0.002029549405530829,6989.545101555428,6989.530992805453
scenario_022,employment,12,2.3471621393156283e-06,17.647522430203015,0.0021667700095537867,8144.6218806754,8144.407716848734
scenario_022,employment,13,1.7738808166800624e-06,21.173129407119646,0.0018836420296745404,11240.527166819475,11240.29729451753
scenario_022,employment,14,1.8560015371260619e-06,70.35904916666257,0.004647223068249565,15140.019778126165,15075.964102086693
scenario_022,employment,15,2.6782474321640493e-06,44.81498585806422,0.002314413563375414,19363.43035974289,19363.286751307416
scenario_022,employment,16,3.5886675738838747e-06,139.34044359180757,0.006791778183016851,20516.047467544606,20644.015887696307
scenario_022,employment,17,3.534546888506185e-06,266.14962658193946,0.00961307387537714,27686.21463147737,27941.884217882613
scenario_022,employment,18,3.261180853364465e-06,87.7130524769454,0.0025538970492937317,34344.78790020218,34344.89056235113
scenario_022,employment,19,3.7456804176105862e-06,106.62651899447592,0.0027370363251768065,38956.92505563954,38956.95782881187
scenario_022,employment,20,5.753280038378605e-06,306.6063031865658,0.006199024505945953,49460.41153611775,49716.75635216324
scenario_022,employment,21,1.2108147905753874e-05,258.5854672915442,0.0049210923082221485,52546.35578761656,52547.38146102649
scenario_022,employment,22,4.205859782768773e-05,562.1187604235959,0.010340106198437395,54362.95813949606,54620.264764919986
scenario_022,employment,23,8.847345148110808e-05,1032.4735347801231,0.015359284864605973,67221.45880368176,67731.71170304314
scenario_022,employment,24,0.00011744287258275143,1213.7356030664178,0.017015034842435828,71333.12475148964,71852.03100016355
scenario_022,employment,25,0.00035052358591736166,2489.0136634203345,0.03412990347599818,72927.65023993493,74472.87177966698
scenario_022,employment,26,0.0009774617338678127,4556.025717285508,0.06108357694091671,74586.75384534764,77658.22199866985
scenario_022,employment,27,0.0019263570813398134,4773.694629163673,0.06665155251293761,71621.65694845683,73228.41594234359
scenario_022,employment,28,0.002644912618620654,5411.697074003627,0.07708032633317473,70208.53869522965,71824.5467883495
scenario_022,employment,29,0.002948850779365575,5771.403055184362,0.08384319587109858,68835.67587353634,70957.53829264925
scenario_022,employment,30,0.0038239032457424438,6118.743415649114,0.09433299005014151,64863.24044638862,66922.6721835345
scenario_022,employment,31,0.005434847189729641,6827.671282893687,0.1084760657554645,62941.73037474621,64515.91473829584
scenario_022,employment,32,0.006279146079437359,7208.402877578808,0.12089554090710487,59625.051705734004,61980.98166353403
scenario_022,employment,33,0.006487629748948787,7242.8707882109,0.11838892485102896,61178.617825313835,62794.822373197036
scenario_022,employment,34,0.007299503434540333,7717.069063725613,0.12553567666422344,61473.1148051788,58882.97142786066
scenario_022,employment,35,0.007768733441708697,7736.0498499916075,0.12802463547656795,60426.25953352172,58130.79723081286
scenario_022,employment,36,0.008794431673963876,8021.640059122222,0.13682742111536403,58625.96834562053,56070.89184095173
scenario_022,employment,37,0.009211769286401994,8317.732676098489,0.13832127087856183,60133.43156311066,57884.95782506193
scenario_022,employment,38,0.008575208797929945,8429.766666678594,0.13104394471945138,64327.78473454584,63147.08856212178
scenario_022,employment,39,0.008773474643634094,9186.87767402978,0.13241158107267684,69381.2248113507,68222.46397229515
scenario_022,employment,40,0.007401042571847594,10133.539124110313,0.12406371604874822,81680.11927136338,79001.99422360423
scenario_022,employment,41,0.006866141106692036,10642.514697009587,0.11754109187854636,90542.9286636741,88885.84724947174
scenario_022,employment,42,0.007746595603546069,11520.854885093651,0.1242317190382611,92736.82256256504,91964.4688105331
scenario_022,employment,43,0.007791664890215766,12307.282851775348,0.12557440154439478,98007.89572088311,98782.41489758456
scenario_022,employment,44,0.008294269150832756,13861.891590594785,0.12869160877400285,107714.02830885306,107516.91157262442
scenario_022,employment,45,0.009756917841630464,16052.66470740905,0.14011436083317022,114568.30414779863,115124.09307105256
scenario_022,employment,46,0.007616546699393489,17595.04953919895,0.12755177218160424,137944.3753564448,141457.09601544752
scenario_022,employment,47,0.02956036636636228,33458.350711459985,0.4687304128896012,71380.79755738047,97953.16209149979
scenario_023,employment,0,2.912260015364154e-07,1.0346134265027318,0.000763269394186044,1355.5023093858638,1355.4865639150496
scenario_023,employment,1,7.727534188095575e-07,1.625904934396565,0.001245270843534159,1305.663697852382,1305.5685974302032
scenario_023,employment,2,2.2705491262708932e-06,2.36642429956948,0.0021366692449338582,1107.5295370026886,1107.6995353247692
scenario_023,employment,3,5.6956626555138e-06,4.7593827585733495,0.004749218437099231,1002.1402093015386,998.7861257692556
scenario_023,employment,4,5.138290019912617e-06,8.590002103038092,0.006155562789535649,1395.486066301029,1388.1456996472778
scenario_023,employment,5,1.1939753680079157e-05,5.927177179675833,0.004899933040303379,1209.644525940063,1210.0661913849153
scenario_023,employment,6,2.3004171851970234e-05,10.393820483205058,0.009012652187063826,1153.2477086072035,1146.3770561943827
scenario_023,employment,7,7.75803171570999e-06,8.097558932310758,0.003947602740434204,2051.259831535149,2051.777103921282
scenario_023,employment,8,2.657104456571524e-06,33.07181507313509,0.008887759131494493,3721.052132920934,3752.982240946437
scenario_023,employment,9,2.937109354728129e-06,33.17189694752913,0.00863322861447625,3842.351271910753,3874.1778552667806
scenario_023,employment,10,2.653242909378406e-06,34.390596351114404,0.006347574363871575,5417.911532766755,5449.943186882048
scenario_023,employment,11,2.226635672841759e-06,14.481051474701646,0.0021105172522366904,6861.375551114246,6861.579051630008
scenario_023,employment,12,2.5763720701288406e-06,17.835576405506295,0.002270042022107925,7856.936669808632,7857.06410432312
scenario_023,employment,13,1.856396132149385e-06,67.19829024365426,0.005978827184353243,11239.376582001576,11175.742845815095
scenario_023,employment,14,1.4325360532252418e-06,68.5963472379226,0.004550292043221883,15075.1526685202,15011.457354689084
scenario_023,employment,15,1.8829031616096614e-06,37.07990469360783,0.0019406287846679567,19107.160002242385,19107.418363554192
scenario_023,employment,16,2.457750624129673e-06,45.76957525459708,0.0022171181570689084,20643.72397504774,20643.897214965833
scenario_023,employment,17,2.443729614887147e-06,61.208810245671934,0.0022107586483760054,27686.789912881322,27686.701841816266
scenario_023,employment,18,2.4236268236776937e-06,75.61692238694302,0.0022016600871089015,34345.41182342047,34345.593211904044
scenario_023,employment,19,3.0847736294248307e-06,274.08732025951997,0.00698968645976319,39213.10660175249,39469.18314020225
scenario_023,employment,20,4.831479702871455e-06,299.5172929834264,0.00602452319060254,49716.348249872084,49972.67496168667
scenario_023,employment,21,9.342316337979106e-06,228.24632945457165,0.004322613009781736,52802.85996874299,52803.47154173901
scenario_023,employment,22,2.7016694727932666e-05,399.63041031975166,0.007350821256542575,54365.40984642524,54366.319266780854
scenario_023,employment,23,6.115313212651241e-05,902.782520858851,0.013428816253715527,67227.25993134847,67735.27129103719
scenario_023,employment,24,6.898338236160928e-05,1322.3291797064655,0.018669272817464538,70829.17436770578,71852.11640034255
scenario_023,employment,25,0.00026630104538394317,2287.484690659995,0.031584272411417806,72424.80247330513,73967.33280078117
scenario_023,employment,26,0.0007413151686060937,5024.9288256593145,0.06829957480566522,73571.89030761746,77667.97303225263
scenario_023,employment,27,0.0014145989146205906,4913.516743480926,0.07006116320674252,70131.81795143335,73232.16563674167
scenario_023,employment,28,0.0020125078985521183,4930.5307774632965,0.07124969610594246,69200.72711793747,71309.7421963965
scenario_023,employment,29,0.00321019060403549,6359.056352725895,0.09371487662636131,67855.35639212631,70942.57976148327
scenario_023,employment,30,0.0035389241803118754,6707.084219596738,0.10548504722315831,63583.26982029598,67410.54389166785
scenario_023,employment,31,0.004709906321975099,7057.40352273712,0.11595176975927764,60864.99186160491,64450.400721295555
scenario_023,employment,32,0.006021366771181702,7824.15867722787,0.13623831167482336,57429.944492432835,61733.623223036164
scenario_023,employment,33,0.005980034646303145,7586.5366790464695,0.12754284180253708,59482.26158228472,63046.462818769105
scenario_023,employment,34,0.007010002953034999,6813.640361102196,0.11849366956400456,57502.14662245561,57579.75496067827
scenario_023,employment,35,0.008157444453431695,7356.093889998538,0.13018397011696642,56505.37376751766,57538.914471951306
scenario_023,employment,36,0.009600887335213248,7681.175023949813,0.14113601009125415,54423.92072004448,55450.12026308865
scenario_023,employment,37,0.009618199138203387,7962.073060965173,0.1422575310520934,55969.430947381865,57281.75400256909
scenario_023,employment,38,0.00865879782710044,8208.255681954406,0.13249067219791652,61953.46091755647,62509.85595487257
scenario_023,employment,39,0.008655567551796306,8932.418051839204,0.13129259237194116,68034.44040875052,67361.44943057882
scenario_023,employment,40,0.007979244547916542,10433.88522413663,0.12919061988933275,80763.48912231013,77841.30441567072
scenario_023,employment,41,0.008060595024200423,11200.521511911575,0.12758784551729654,87786.74384303454,85769.83754162394
scenario_023,employment,42,0.008882429000635073,12355.953280765993,0.13432495978831133,91985.53493139539,89429.89404537728
scenario_023,employment,43,0.008880938739081023,13392.93145372111,0.134359655850225,99679.70942595029,96878.35072088471
scenario_023,employment,44,0.009203260346218878,14627.149481743769,0.13649149475326275,107165.28167696776,104297.94060068378
scenario_023,employment,45,0.010571272492785555,16601.00637444851,0.14522446214979554,114312.74131575003,112223.64773269702
scenario_023,employment,46,0.007545333597007375,18152.022173191297,0.12769668495439415,142149.51766112132,136005.7629302929
scenario_023,employment,47,0.016631625182755405,17580.73710989242,0.18220510902174414,96488.71650352217,96289.05581349875
scenario_024,consumer,0,2.895916217937611e-07,1.020223478468954,0.0007610471625786391,1340.5522399060703,1340.5560104625204
scenario_024,consumer,1,1.206133826703315e-06,2.011534251854326,0.0015580382907493734,1291.0685596095545,1290.9077391893247
scenario_024,consumer,2,2.5358454349699855e-06,2.5286683328374506,0.002288740714646135,1104.829532089838,1104.37570871241
scenario_024,consumer,3,4.422290004746365e-06,3.0193985518774893,0.003000013707708474,1006.4615851984964,1006.0602236109197
scenario_024,consumer,4,2.567731777647353e-06,3.157393738981019,0.0022740510743239684,1388.4445141231718,1388.1780546864068
scenario_024,consumer,5,1.6096228746098618e-05,10.112906242680815,0.008403510691604851,1203.4144554351146,1195.9351971682108
scenario_024,consumer,6,2.134515906315748e-05,7.494507385696278,0.006533816148339206,1147.0337113175835,1147.0434652508857
scenario_024,consumer,7,1.0330711512129831e-05,18.240518551170446,0.008957349174728098,2036.3746232684002,2052.071019834908
scenario_024,consumer,8,3.278733777256626e-06,33.22115639581392,0.009042678023663573,3673.8183432914734,3705.6675536518624
scenario_024,consumer,9,3.4800833246251273e-06,33.363182207576216,0.008717927225608164,3826.9626878250056,3858.7482059052913
scenario_024,consumer,10,2.987018254074769e-06,13.167981426987703,0.0024444045851459094,5386.989333519717,5387.150783652752
scenario_024,consumer,11,3.1774006746809746e-06,17.217944891396556,0.0025208729832555945,6830.151699733936,6830.109118762797
scenario_024,consumer,12,4.65113412606577e-06,24.35390455550488,0.0030499593237971476,7984.993231052236,7984.937782188448
scenario_024,consumer,13,3.9717206193889965e-06,31.678405709446817,0.0028184100811809963,11239.814220424814,11239.734175391597
scenario_024,consumer,14,3.2159086138516813e-06,38.55584171812996,0.002536108407721084,15202.757737306572,15202.80375157271
scenario_024,consumer,15,5.199813309375578e-06,62.443804312850276,0.00322488717327383,19363.097360537668,19363.33076647676
scenario_024,consumer,16,6.6053687887146495e-06,266.4675708206479,0.012987979241536933,20516.47649454631,20772.161702488356
scenario_024,consumer,17,5.558783696235636e-06,94.02378925912224,0.0033343014771766897,28198.946586778533,28198.94389645861
scenario_024,consumer,18,4.637863267431541e-06,104.60501507995798,0.0030456164198742184,34346.089808735036,34346.226674841586
scenario_024,consumer,19,5.6116558940777495e-06,287.2272214498319,0.007372673615399178,38958.353025407945,39213.996293775606
scenario_024,consumer,20,9.91763836755144e-06,1046.4927450754215,0.021491098927007526,48694.24074728494,49717.532838162966
scenario_024,consumer,21,1.8373194865195508e-05,830.3517373208977,0.016036055320954874,51780.29887661013,52548.08707056369
scenario_024,consumer,22,5.5063485280282265e-05,1398.6302622158205,0.02622012945878392,53341.85189338453,54620.642099446886
scenario_024,consumer,23,9.253637050488095e-05,2227.756155620911,0.034448388652289816,64669.386371220884,66710.09092054192
scenario_024,consumer,24,0.00011145430630021824,2296.207178680732,0.03338577690133158,68778.00643869842,70824.16071610048
scenario_024,consumer,25,0.00029869032867879675,3101.842710180507,0.04407367485535618,70378.58132684269,72938.83039837975
scenario_024,consumer,26,0.0006182027029855153,5749.060285845687,0.08039711880444407,71508.28750256034,76634.31970960135
scenario_024,consumer,27,0.001026804914546986,6500.75025292192,0.09624883363016652,67541.08083949228,73207.26862834985
scenario_024,consumer,28,0.0012389722665172576,6616.787538086499,0.09926871749719031,66655.31402955599,72298.0562360556
scenario_024,consumer,29,0.001348807952550768,6453.39655485094,0.09845762735030086,65544.91234986296,70939.64441047642
scenario_024,consumer,30,0.0015561124062610787,6255.8607021148355,0.10126151308564414,61779.25365211366,66904.86893350228
scenario_024,consumer,31,0.0020178168714909406,5850.80255721477,0.09905582740769338,59065.70779661526,63437.264097240266
scenario_024,consumer,32,0.0023321306679743303,5879.290549376103,0.10637591988713649,55268.9984313551,59649.53052353728
scenario_024,consumer,33,0.0023452692896387406,5928.883878908054,0.10524460517048932,56334.32582414702,60705.919730593785
scenario_024,consumer,34,0.0024530066097926406,4654.529897462872,0.08329212406505276,55881.993042074355,58267.40400671422
scenario_024,consumer,35,0.002621502821061217,4853.197987794109,0.08802464541630307,55134.536070454276,57753.44841886312
scenario_024,consumer,36,0.002910392604826617,4762.294328388643,0.08975001654493359,53061.765465016804,55420.21744707703
scenario_024,consumer,37,0.0031049341895614813,5100.596035575171,0.0938642209470887,54340.15202076177,56947.70826788637
scenario_024,consumer,38,0.0028695686681655674,5245.577093197652,0.08919715720865454,58808.792313043465,61414.18496637302
scenario_024,consumer,39,0.0027385930481573784,5619.891543647813,0.0880078829972101,63856.68365441726,66728.04526572507
scenario_024,consumer,40,0.002205736221146948,5786.27121810863,0.07599288186689651,76142.27906560292,78790.88449476776
scenario_024,consumer,41,0.0019082450982292887,6067.8335334862395,0.06976765276894636,86972.017728351,89630.53830295497
scenario_024,consumer,42,0.002254710809028726,6866.7175893611375,0.07698856633426075,89191.39446691285,92354.71489583078
scenario_024,consumer,43,0.0022222885559911587,7726.030524335499,0.08134480690475376,94978.78006375834,99199.60640753772
scenario_024,consumer,44,0.0024178159730858795,8358.547634490362,0.0799111037622426,104598.07512306835,108471.16711342488
scenario_024,consumer,45,0.003473991836982271,10718.833902120718,0.09566116158952183,112050.00779851284,116934.41459652701
scenario_024,consumer,46,0.0029046255823781397,11838.419934637735,0.08712796290581536,135873.94379270606,141228.6396930819
scenario_024,consumer,47,0.010142075893441738,15859.791805244888,0.20788305280599012,76291.89388538693,87096.94152809886
scenario_025,consumer,0,6.942791767050593e-07,1.5712756173534812,0.0011784092777001967,1333.387004912257,1333.3987676888398
scenario_025,consumer,1,1.4365510091485234e-06,2.177357031970239,0.0016955815776777859,1284.135815483604,1284.0780417906678
scenario_025,consumer,2,2.5291032984542383e-06,2.46751289395485,0.0022538220562321144,1094.8126481999109,1094.6492972700862
scenario_025,consumer,3,4.822383282587772e-06,4.8770521548799675,0.004843374231184723,1006.9534010976075,1003.206045943481
scenario_025,consumer,4,4.57481301097129e-06,8.636563069810508,0.006218726666968043,1388.7992723149043,1381.2468736246333
scenario_025,consumer,5,1.680886477362087e-05,10.140242590374273,0.008427961499565588,1203.1666958726546,1195.7871538293884
scenario_025,consumer,6,2.0185005935813294e-05,7.286633645455677,0.00635475124651671,1146.6434110146747,1146.7522992383008
scenario_025,consumer,7,8.843750961551322e-06,11.71384532842151,0.005775165872330901,2028.3132272517244,2036.3231873622137
scenario_025,consumer,8,3.136972015038708e-06,33.13710321151421,0.009059497560274583,3657.7197566472837,3689.5536775097726
scenario_025,consumer,9,2.9796771976453584e-06,18.466361430746762,0.004825775451102418,3826.6101723668557,3842.528118482582
scenario_025,consumer,10,2.6402150160587112e-06,12.378884135208768,0.0022981391984502266,5386.481438355255,5386.639307517675
scenario_025,consumer,11,2.4762159241964454e-06,35.20325800641564,0.005130497801273908,6861.567701612626,6829.831573641201
scenario_025,consumer,12,3.068005099637894e-06,19.620970909224724,0.0024770974446090112,7920.952383979277,7920.954309583838
scenario_025,consumer,13,2.5032544065384243e-06,68.53690572284808,0.006097739095931718,11239.724206726793,11175.94005959944
scenario_025,consumer,14,2.2528004112176703e-06,71.27711935923169,0.004728168355133388,15074.996067313445,15011.271398236604
scenario_025,consumer,15,3.814120887124517e-06,138.02590054213235,0.00717576238609089,19235.01547510468,19107.549750721428
scenario_025,consumer,16,4.778912755742937e-06,142.75297074558762,0.00700173727239045,20388.22155017116,20516.207789584194
scenario_025,consumer,17,4.7443434214589075e-06,85.28451086221283,0.0030803968068092323,27686.20934604626,27686.449600696942
scenario_025,consumer,18,4.425230164750715e-06,102.17457456824523,0.00297499244257941,34344.4820584676,34344.735408570516
scenario_025,consumer,19,5.357503810810016e-06,286.0934093417062,0.007343852199438127,38956.85827713077,39212.75109328766
scenario_025,consumer,20,9.474567037148773e-06,334.8383698686723,0.006769874420947237,49460.05628001323,49716.02818783904
scenario_025,consumer,21,2.1756816421025782e-05,428.05175097606116,0.008186053866716786,52290.36577885868,52035.75022350762
scenario_025,consumer,22,6.488413340810517e-05,801.1183227276267,0.014947262767818202,53596.32296372368,54111.53103104074
scenario_025,consumer,23,0.00015354288934510407,1272.4631860710178,0.01922119610183842,66201.04073280396,66713.78957002742
scenario_025,consumer,24,0.00015025423493875145,1592.7640634926868,0.022818261169248302,69802.1664174491,70827.45206257759
scenario_025,consumer,25,0.0004198427781963998,2602.606670505087,0.036453798992798304,71394.66235108307,72944.06002620042
scenario_025,consumer,26,0.0013859482985920657,4978.303252693221,0.06863365664043482,72534.4313034941,75629.20916733457
scenario_025,consumer,27,0.002462373200111223,5851.976974171156,0.08470636274563867,69085.44747392616,72197.06279927633
scenario_025,consumer,28,0.0031073276684551177,5700.068117271779,0.08298661319165879,68686.59773001446,70266.6335582052
scenario_025,consumer,29,0.0062772407211160175,7803.985043498165,0.11587110567678764,67350.57025576939,68960.66126581798
scenario_025,consumer,30,0.0062785251376858975,7670.408168453386,0.12161093373204307,63073.3432682486,65683.48614459028
scenario_025,consumer,31,0.007584967515230745,7832.680899425168,0.12870057848442149,60859.71789453357,62716.71487160362
scenario_025,consumer,32,0.010089743024060627,8667.812515849731,0.15159244803246247,57178.392646535925,59682.001225943546
scenario_025,consumer,33,0.009880244412441397,8511.61452795069,0.14368290486653346,59238.88117279574,60509.86083330874
scenario_025,consumer,34,0.011416957975351805,8703.447313831564,0.1506792872996652,57761.40483411287,57054.36309086994
scenario_025,consumer,35,0.014069007626305252,9507.279123373964,0.16743332158699317,56782.47933721053,56533.66081019023
scenario_025,consumer,36,0.01618434529155721,9855.749142179893,0.17933012642321952,54958.69176448525,54467.57400599023
scenario_025,consumer,37,0.016172876625240584,10165.995296544726,0.1791635807372403,56741.41616679387,56046.39448381117
scenario_025,consumer,38,0.014998885959705333,10792.47440449514,0.17276431344125648,62469.35023513875,60992.45260651174
scenario_025,consumer,39,0.014297413873931575,11893.92172205959,0.17225452691557908,69048.52914483187,65589.79078806496
scenario_025,consumer,40,0.01426612272095773,14248.600205960582,0.17424004594342857,81775.69128159407,76923.833007356
scenario_025,consumer,41,0.013992234100520529,14821.848294545323,0.1669170397249172,88797.6944652987,88311.88818751114
scenario_025,consumer,42,0.015911847766384768,16429.19970715931,0.17777110389583317,92417.71776804722,91470.43801181107
scenario_025,consumer,43,0.016007279748838754,17745.586243590915,0.17912449273365152,99068.45218524999,99274.80953400362
scenario_025,consumer,44,0.01617600333332625,19756.150887274,0.18963860457005005,104177.89633110454,108975.60760740653
scenario_025,consumer,45,0.018376470348229312,23038.19550768871,0.2096294472821544,109899.61480306748,117416.18063536336
scenario_025,consumer,46,0.013398026046421707,23426.164041110747,0.1707514089716638,137194.55776202888,142270.12705509097
scenario_025,consumer,47,0.031419713170619534,23201.189877728935,0.25695125546162034,90294.1292738474,93289.10772387235
scenario_026,consumer,0,3.86190001533393e-07,1.1723267741399723,0.0008792444427736548,1333.3343005748927,1333.3688332405295
scenario_026,consumer,1,9.736854238440174e-07,1.79518995317063,0.0013980219852480897,1284.0927911817207,1284.1997067108036
scenario_026,consumer,2,2.00297134078653e-06,2.2247325317716364,0.0020204214285271366,1101.123013426679,1101.424694080242
scenario_026,consumer,3,5.368945738104536e-06,4.713526256458811,0.004503855555523958,1046.5536024301875,1043.3143442226526
scenario_026,consumer,4,2.0835377185779436e-06,2.934207281929924,0.0020562499286536366,1426.9701562256803,1427.3198863239982
scenario_026,consumer,5,9.938562023248387e-06,5.479586816465893,0.004464755021738025,1227.2984273015763,1227.579274385258
scenario_026,consumer,6,1.9033212747432415e-05,10.147245229330586,0.008664617416149498,1171.1128999669047,1163.9660907468046
scenario_026,consumer,7,6.626018472344342e-06,7.512036412545141,0.0036447364676389345,2061.064353827329,2061.4200297763173
scenario_026,consumer,8,2.5724416038430675e-06,33.03129593107049,0.008950067259763718,3690.619854843696,3722.56329225089
scenario_026,consumer,9,2.492558871969308e-06,18.46104743091787,0.0047057671537018035,3923.068615155648,3939.309592841425
scenario_026,consumer,10,2.1128519395174905e-06,11.408859077330073,0.0020569208138473973,5546.571846871541,5546.961011773841
scenario_026,consumer,11,2.325975744010833e-06,15.079162690423106,0.0021571993050105392,6990.157402423897,6990.417477024425
scenario_026,consumer,12,2.931155348884218e-06,37.506123397486654,0.00467786254980716,8017.790817524727,8049.858613703541
scenario_026,consumer,13,2.4346265818930846e-06,24.80488479175353,0.0022066373510787086,11241.033683957054,11240.994196760408
scenario_026,consumer,14,2.1505368725804885e-06,71.09016763066377,0.004675774808469559,15203.933153900645,15140.185634925303
scenario_026,consumer,15,2.4460958960581536e-06,43.111586659745505,0.002211855839864955,19491.137660390057,19491.303895922934
scenario_026,consumer,16,3.1775551306845173e-06,52.044616020329784,0.0025209757756095067,20644.631544603693,20644.871246277504
scenario_026,consumer,17,2.8621940006967606e-06,66.85598898219115,0.002392586817325612,27942.973060815195,27943.160911481045
scenario_026,consumer,18,2.891819973260823e-06,81.3683315132579,0.0024049393706366494,33833.83901762048,33834.08253427149
scenario_026,consumer,19,3.2150927080643044e-06,97.48998753416016,0.002535784629842368,38445.68911209957,38445.771143853744
scenario_026,consumer,20,4.082213566070081e-06,138.4011596928779,0.002857377202217504,48436.433098671725,48436.91002682479
scenario_026,consumer,21,9.345591747700333e-06,557.3498521578236,0.010763878388814693,51779.649678780734,51268.748722708646
scenario_026,consumer,22,2.773583210136099e-05,470.43325101926075,0.008819522103376514,53339.993426532434,53086.553375054624
scenario_026,consumer,23,6.281833201216003e-05,774.6659547235672,0.011838699028117532,65435.05776130425,65181.588350915714
scenario_026,consumer,24,5.297729834508047e-05,718.5511122809284,0.010293596252369357,69805.64368993333,69807.50103069837
scenario_026,consumer,25,0.00032951387235014007,2108.796432007447,0.02952767052572123,71417.63621923706,72436.32151212766
scenario_026,consumer,26,0.0018171023173516598,4449.571860420178,0.06087784729030438,73090.16429575415,73591.21489493526
scenario_026,consumer,27,0.0024352269848881836,4895.69829291525,0.0697779942904405,70161.06356593793,70138.12467315917
scenario_026,consumer,28,0.0024864761256100376,4846.303751232437,0.07051365433045789,68728.58593486779,68717.48989464923
scenario_026,consumer,29,0.007064712509288529,7961.437819388706,0.11878877732113227,67021.80120825591,66923.02722893668
scenario_026,consumer,30,0.00650610525872608,7264.156821123141,0.1140232536204115,63707.678832826874,63650.30122626563
scenario_026,consumer,31,0.007102895451825408,7252.892116671334,0.11900084579350341,60948.24005920881,60662.89027957425
scenario_026,consumer,32,0.008948522042719231,7638.820873094889,0.13350157933439827,57218.955095362355,56570.27794670003
scenario_026,consumer,33,0.008642777908467347,7769.642206373497,0.1316208992382273,59030.459838378934,57892.20715161957
scenario_026,consumer,34,0.009755895553965277,8006.551203343934,0.14149848672349882,56584.00586989653,57424.00012126743
scenario_026,consumer,35,0.012358336410207671,8838.7734769904,0.15818953651485787,55874.577242725674,56382.41721391021
scenario_026,consumer,36,0.01438827007026977,9170.494851216941,0.16964205628985662,54057.909057338344,54061.44605062969
scenario_026,consumer,37,0.014098904953332547,9313.225128029206,0.16763750322746102,55555.73752128986,55337.11678084325
scenario_026,consumer,38,0.012784045604062322,9856.05109060483,0.1601622135138885,61537.930042095475,59783.54311887123
scenario_026,consumer,39,0.011298178404551829,10511.04748613564,0.15433593072012466,68104.99303105604,64832.38583842901
scenario_026,consumer,40,0.01104748116392551,12108.878405951646,0.14987392706605143,80793.76208388201,78114.06549133552
scenario_026,consumer,41,0.011835306627236308,13497.534653944624,0.15547876771917424,86812.71952401804,87986.79871846199
scenario_026,consumer,42,0.013660931260797593,15008.064590347774,0.1650899146825365,90908.42780558633,90660.05314043912
scenario_026,consumer,43,0.014767935653439257,16713.280135136985,0.1712373307939348,97603.0171554681,95955.8654264454
scenario_026,consumer,44,0.014475842596366029,17923.877279345466,0.173650218396294,103218.28238903036,105603.06313677762
scenario_026,consumer,45,0.01633860569102219,20404.96550979373,0.18891839041866373,108009.41858849264,112430.43617369297
scenario_026,consumer,46,0.01118732846386572,20423.846728920864,0.1500080662758971,136151.6566139651,136793.76273169782
scenario_026,consumer,47,0.029161291216657004,28040.77810196644,0.28806492336145784,97341.86923821148,78956.20129832842
scenario_027,data_protection,0,1.0438379383082008e-07,0.6126992089327318,0.00045697431400279313,1340.7738469278315,1340.763500613911
scenario_027,data_protection,1,4.3263757099065714e-07,1.2085922854124294,0.0009305315004422296,1298.81931437899,1298.7865711237569
scenario_027,data_protection,2,1.4521579567716714e-06,1.8867179777309662,0.0017064368629036118,1105.6476912486492,1105.5496153806625
scenario_027,data_protection,3,2.385358295775575e-06,2.263936755503832,0.0021846150759476063,1036.3092246453618,1036.2623951521182
scenario_027,data_protection,4,1.6815348513610218e-06,2.605026560753688,0.0018347324857095042,1419.839993592475,1419.7575842871356
scenario_027,data_protection,5,1.0306674489313217e-05,5.583320441441693,0.00455208476812251,1226.5414037411506,1226.9322793600961
scenario_027,data_protection,6,1.4258478246542694e-05,6.215336380584751,0.005341547747300947,1163.5834171332315,1163.7111253175094
scenario_027,data_protection,7,7.1200048914477065e-06,17.634959846903236,0.008521154846699972,2069.550449929074,2085.347150699593
scenario_027,data_protection,8,2.8717698897784416e-06,48.644121545714164,0.012903069485229906,3769.9650925228993,3817.7519629966264
scenario_027,data_protection,9,2.444462054773666e-06,33.13861201183052,0.008446672332573249,3923.2742442294975,3955.2477273193927
scenario_027,data_protection,10,1.8870239528734345e-06,33.885729845552056,0.0061091303954510555,5546.735402928025,5578.851706969587
scenario_027,data_protection,11,1.9981183543293923e-06,13.975947315884836,0.0019993620120907427,6990.203490597542,6990.43325393689
scenario_027,data_protection,12,3.070151733619575e-06,20.184455695185136,0.002477965145792177,8145.576918004793,8145.585713888999
scenario_027,data_protection,13,2.6287063420449286e-06,25.9207734603407,0.0022929046231001163,11304.776133816931,11304.773728210344
scenario_027,data_protection,14,2.615403123740201e-06,34.91904119476333,0.002287109311029836,15267.762247463388,15267.849684035198
scenario_027,data_protection,15,3.6666018444764248e-06,138.12462328432244,0.007086557354277154,19491.075338712402,19363.36172532656
scenario_027,data_protection,16,4.548026898198998e-06,62.2627028029646,0.0030159713540270972,20644.328308963504,20644.38053608599
scenario_027,data_protection,17,4.188677936833862e-06,151.87931193443285,0.005410608198698952,28070.65423272639,28198.857751972504
scenario_027,data_protection,18,3.6874330657798993e-06,272.538035056895,0.007994764972089645,34089.561858084235,34345.769292827325
scenario_027,data_protection,19,4.33744713823625e-06,280.29460270455706,0.007242338126839913,38702.22541333616,38958.12647232677
scenario_027,data_protection,20,6.105233117836839e-06,786.9443430263342,0.016076575435846018,48949.74966320754,49717.58117940569
scenario_027,data_protection,21,1.3682420466398781e-05,581.2268780643965,0.011114946953662063,52292.36635024143,52804.482482298576
scenario_027,data_protection,22,4.028792335619702e-05,553.0416241134244,0.010172738288365436,54365.06950600885,54623.09651077331
scenario_027,data_protection,23,7.995607585353781e-05,990.8682279176118,0.014852831599856868,66712.4124619551,67226.83980022432
scenario_027,data_protection,24,8.647005224926563e-05,1394.1503569038678,0.019683881051599215,70827.0057743821,71858.25534632537
scenario_027,data_protection,25,0.0003982438608957084,2306.043637490597,0.03183879908479257,72428.72544750132,73467.75669127406
scenario_027,data_protection,26,0.0015749594210208162,5190.494463651317,0.07154715818070055,72546.4797713157,75653.44705698047
scenario_027,data_protection,27,0.0023064147548564895,6718.112423509812,0.09720890170628547,69110.05376656182,73759.67464245144
scenario_027,data_protection,28,0.0022212437025900256,5896.9435885294315,0.08648808064183038,68182.15348020276,71791.63745659425
scenario_027,data_protection,29,0.004583245841256578,7245.878526976616,0.1083903762563224,66849.83277335901,69954.08777607208
scenario_027,data_protection,30,0.004542447201139943,7110.489260671918,0.11413086962542897,62301.19234181024,65939.50435575408
scenario_027,data_protection,31,0.005102430728185725,6949.382073883729,0.11619812204688709,59806.32002881755,62948.817510698755
scenario_027,data_protection,32,0.006632880593808066,7153.570099975428,0.12809586419464666,55845.44157573502,58627.59055256095
scenario_027,data_protection,33,0.006407745122006037,7224.76284702621,0.1258943553884474,57387.50418741319,60202.04883599451
scenario_027,data_protection,34,0.007324597921333553,7672.124234019043,0.14097217031272208,54422.97027136476,57978.016941274815
scenario_027,data_protection,35,0.009146190968704504,8179.415364703244,0.15241667127889624,53664.83401107956,56977.06373826247
scenario_027,data_protection,36,0.010439538345465182,8415.92743013101,0.1624294835752346,51812.80667085847,55153.80266271741
scenario_027,data_protection,37,0.010278156768467106,8674.926775658563,0.16266838046231435,53328.906029578975,56915.17655290842
scenario_027,data_protection,38,0.009225684205372064,8493.413764293511,0.14379712406808967,59065.254742311656,61359.99291245943
scenario_027,data_protection,39,0.008368911468100926,8764.746979170812,0.13510146101541712,64875.293822104715,66914.8680086961
scenario_027,data_protection,40,0.008340197144824146,10567.054162980745,0.13802376391756502,76559.67250170007,79702.70469931484
scenario_027,data_protection,41,0.009594397569509305,13561.583069759048,0.16426831793960492,82557.50859240622,89097.40784556365
scenario_027,data_protection,42,0.01196724431344287,14823.101493094371,0.17184453297242872,86258.79006271696,91761.30076582966
scenario_027,data_protection,43,0.01237760537346333,15655.765032625177,0.16679049330622367,93864.85238029447,98026.96578853387
scenario_027,data_protection,44,0.013038178400001543,18416.005403967378,0.18393183162032758,100124.0798927166,107731.68738286772
scenario_027,data_protection,45,0.014582428401136993,20047.404729935442,0.18767725806666877,106818.50820099888,113719.44696541765
scenario_027,data_protection,46,0.010789815399486202,19937.777949774743,0.14759645256773304,135083.04300623457,136047.62576580315
scenario_027,data_protection,47,0.029889325582652337,24990.385304963824,0.2729258923679012,91564.72875529541,77390.29368627068
scenario_028,data_protection,0,7.627236349172506e-07,1.649917382115031,0.0012379577553370343,1332.7735740593512,1332.884801397838
scenario_028,data_protection,1,1.0074262353221286e-06,1.8356391624393074,0.0014219187044605703,1290.9592909080475,1290.8499705722918
scenario_028,data_protection,2,2.478356412316529e-06,2.472446873511702,0.00225197099103247,1097.903518010305,1097.5290198056487
scenario_028,data_protection,3,4.100229997860971e-06,2.8924337166871266,0.0028838966055858254,1002.9602694787204,1002.6139485250732
scenario_028,data_protection,4,3.0214638306880204e-06,3.379083015525935,0.002459923906753014,1373.6534720645764,1373.5241223572332
scenario_028,data_protection,5,1.6607364909715372e-05,10.146854227574629,0.008540211604796902,1188.126793237219,1195.595160378344
scenario_028,data_protection,6,2.0957136941501808e-05,10.423465633826128,0.00926878087377641,1124.5778464044388,1132.0135842714699
scenario_028,data_protection,7,7.497463394345871e-06,8.016800456833202,0.0038772076777525708,2067.673728914143,2068.0605940001883
scenario_028,data_protection,8,2.366533360498302e-06,18.03860220150447,0.004826544342587769,3737.374179356034,3753.4675064437743
scenario_028,data_protection,9,2.882320513375447e-06,33.300714354014396,0.008559433759926753,3890.5277250839267,3922.480286273606
scenario_028,data_protection,10,2.8064448424069965e-06,12.99207125329033,0.002369684952545908,5482.6154165903345,5482.875526077546
scenario_028,data_protection,11,3.1590032034678472e-06,17.569315589997746,0.0025136257381474635,6989.630685014505,6989.733232753035
scenario_028,data_protection,12,4.361478003533925e-06,39.99741820109513,0.004891559462527054,8176.823466525306,8144.904045235675
scenario_028,data_protection,13,3.639914930242405e-06,70.95671018553551,0.006206644377819861,11432.378893675183,11368.435888952681
scenario_028,data_protection,14,3.120914252918716e-06,38.46390441029588,0.002498387232398913,15395.493505369635,15395.614104595208
scenario_028,data_protection,15,4.014468406143834e-06,55.95556002788221,0.00283355697242306,19747.462490592847,19747.603485269985
scenario_028,data_protection,16,4.584706985832909e-06,142.4643279717889,0.00690057804941107,20645.27449029397,20773.19483143179
scenario_028,data_protection,17,3.8791063629028955e-06,267.81312507369495,0.009496908925869239,28200.030890491285,28455.957097338247
scenario_028,data_protection,18,3.611733652264526e-06,92.31284088402415,0.002687711540426556,34346.26056238667,34346.76895474845
scenario_028,data_protection,19,4.313305764669373e-06,113.67608510194354,0.002937141280428654,38702.96803882493,38703.35656138886
scenario_028,data_protection,20,6.216729156904854e-06,308.9824829830688,0.006345340805099698,48694.387342401234,48950.96738635746
scenario_028,data_protection,21,1.1208694154607457e-05,354.89177285512915,0.00688778063862669,51524.836732589196,51782.00835623657
scenario_028,data_protection,22,3.6799103375950715e-05,459.8451768475145,0.008579388477009455,53598.82910999785,53601.95680155354
scenario_028,data_protection,23,6.523881658648811e-05,910.7334924563655,0.0138632616301486,65694.02762159394,66205.83372548553
scenario_028,data_protection,24,6.6061265241113e-05,1304.5998756713902,0.01868762784583042,69810.88699079976,70834.9126592111
scenario_028,data_protection,25,0.00030123593193953635,1858.7004532450053,0.025660909074500172,72433.14910819111,72953.85892626809
scenario_028,data_protection,26,0.001155329660548321,3537.189129596776,0.048079111991001525,73570.18428832038,73596.18911589605
scenario_028,data_protection,27,0.001690232799579361,4078.606343143641,0.058149609252686876,70139.87532435884,70157.47969626944
scenario_028,data_protection,28,0.0018098549360143767,4147.92885917605,0.06037593465550462,68701.69187182716,68208.53700548044
scenario_028,data_protection,29,0.004921052524472502,6681.647116792765,0.09911762216147717,67411.29348227684,66908.82421862263
scenario_028,data_protection,30,0.0044768848262589644,5989.912735721646,0.09456654164757301,63340.718941003724,62866.03666081074
scenario_028,data_protection,31,0.005040998990306189,6079.911495109168,0.10032264317466283,60603.58163135689,60126.1695911527
scenario_028,data_protection,32,0.0067040510246531015,6581.119151186686,0.11565754028898322,56901.77341436649,56311.16183370706
scenario_028,data_protection,33,0.0065734621037224494,6676.960884221902,0.11472143807144726,58201.50964341612,57378.37858778425
scenario_028,data_protection,34,0.007464799213065532,6735.1056752533605,0.12197168456258188,55218.60011532166,54905.438818721224
scenario_028,data_protection,35,0.009413516947627154,7433.846635893972,0.13712711804567035,54211.353245374274,54139.53259600654
scenario_028,data_protection,36,0.011091470895397859,7761.907289566391,0.148878768102199,52135.757089541265,52091.64223346651
scenario_028,data_protection,37,0.010816342033043602,7913.967782173585,0.14679796670823594,53910.60897936524,53641.622599482966
scenario_028,data_protection,38,0.009807476635526169,8298.852623502098,0.13971273933318604,59399.39810149344,58872.65190596624
scenario_028,data_protection,39,0.00870121959373471,8629.437103624015,0.1318296125881447,65459.01891241734,64415.969213319535
scenario_028,data_protection,40,0.008913515737953404,10412.909061824992,0.13325723932692668,78141.41366292663,77198.8946813602
scenario_028,data_protection,41,0.009740770864437698,12367.604238089129,0.14615422484212906,84620.2307969421,87555.99696580085
scenario_028,data_protection,42,0.011701736142357921,13793.509535347124,0.1562086707452197,88301.81749542372,90242.88519150803
scenario_028,data_protection,43,0.012065816491148351,15034.704413166695,0.15749317425324205,95462.57788284561,97041.12533436362
scenario_028,data_protection,44,0.012339240143536268,17319.095846272932,0.17032464247481746,101682.85454545172,107237.31914747316
scenario_028,data_protection,45,0.014096710933881207,19414.030212304955,0.1821961980259442,106555.62751940881,112737.93329212874
scenario_028,data_protection,46,0.009743897014573677,19094.291408451616,0.14115363962873118,135273.1070815765,137073.6429293764
scenario_028,data_protection,47,0.02465841696704607,22458.46866191423,0.24211256905593875,92760.44093656834,81239.04767308084
scenario_029,tax_regulatory,0,3.4310341667787014e-07,1.1172141879735416,0.0008286847323735278,1348.17759315247,1348.207626536727
scenario_029,tax_regulatory,1,3.090824196694264e-06,8.273835458498866,0.006372609113871836,1298.3434744943727,1305.9575971876889
scenario_029,tax_regulatory,2,6.553189995761599e-06,8.494134576123468,0.007690374435199173,1104.5150854092942,1112.0019249388295
scenario_029,tax_regulatory,3,6.7643062204858495e-06,5.178156504642398,0.005038096143622591,1027.8002556972042,1031.3319594798552
scenario_029,tax_regulatory,4,2.868637263508944e-06,3.382393316856155,0.002396789936271548,1411.2180903587296,1411.3349110886727
scenario_029,tax_regulatory,5,1.411367456616297e-05,6.436990090424776,0.005314660983998865,1211.1760486331993,1211.323565025118
scenario_029,tax_regulatory,6,2.1352675225405626e-05,10.386752932837663,0.009162797871929557,1133.5787472358984,1140.835257501635
scenario_029,tax_regulatory,7,6.878075586858046e-06,10.969028156417282,0.005343501368750776,2052.7791422614837,2060.661395819346
scenario_029,tax_regulatory,8,2.326291469567643e-06,17.81068936941558,0.004785352632528432,3721.9178474638275,3737.8079320167612
scenario_029,tax_regulatory,9,2.5862062499326655e-06,18.158202557124223,0.004705275860080109,3859.1154051518406,3875.001614829675
scenario_029,tax_regulatory,10,2.3003423212930585e-06,11.691546930294535,0.0021450004376259847,5450.603517467974,5450.692589718423
scenario_029,tax_regulatory,11,2.606083265521697e-06,35.60386620146533,0.005140570548963556,6926.053414176719,6894.135413513368
scenario_029,tax_regulatory,12,3.348640843503503e-06,38.20077804521572,0.004708519005062726,8113.119646356152,8081.1790494653
scenario_029,tax_regulatory,13,2.8187890835917884e-06,69.4346364750208,0.00617727517369782,11240.334050629002,11176.201747818764
scenario_029,tax_regulatory,14,2.6454781764106983e-06,72.57100883886544,0.004834266541338623,15011.793044156459,15075.582909284736
scenario_029,tax_regulatory,15,3.4400777468857058e-06,50.788255042872215,0.002623006265958231,19362.612930822856,19362.628952278443
scenario_029,tax_regulatory,16,4.620105273467345e-06,63.14108181471705,0.0030397889783161393,20771.534558853957,20771.67344019792
scenario_029,tax_regulatory,17,4.6385406785587335e-06,153.5983619602909,0.0054971269899546996,27941.57061333536,27813.575587017953
scenario_029,tax_regulatory,18,4.528035919437734e-06,101.81313725266797,0.0030093316301169114,33832.47503656238,33832.15091423188
scenario_029,tax_regulatory,19,5.22993028140295e-06,285.62980052160947,0.007284093308969297,39212.81460932112,38956.67814273806
scenario_029,tax_regulatory,20,6.7441948621294046e-06,314.82300313060176,0.0063324495147229,49715.833090913795,49971.96391161494
scenario_029,tax_regulatory,21,1.2227192800695619e-05,364.6823268703258,0.006974195066534708,52290.23900123384,52546.75472299718
scenario_029,tax_regulatory,22,3.8425873190695015e-05,1367.3578622443047,0.025271206029328152,54107.34496238273,55387.716738576906
scenario_029,tax_regulatory,23,9.868946967905856e-05,1803.4364084793408,0.027033289171857138,66711.69005793045,68245.8857314785
scenario_029,tax_regulatory,24,0.00011496338584593424,1186.7885640968116,0.016879709649281986,70308.58875865168,70821.98063699434
scenario_029,tax_regulatory,25,0.0006604320447449741,2613.5898396265998,0.0363487525395481,71903.15092059808,71920.1321654717
scenario_029,tax_regulatory,26,0.0018334847084873207,4941.16727574624,0.06765002339845637,73040.14141492503,75113.0970875901
scenario_029,tax_regulatory,27,0.0030101465168667074,6136.735794922136,0.08757464315467049,70074.34542534992,72716.81090777126
scenario_029,tax_regulatory,28,0.0038133340718953246,6484.010974767671,0.09372555411196477,69180.8230551708,71285.73986019647
scenario_029,tax_regulatory,29,0.005204585333046019,7495.957620845964,0.11056121895434734,67799.1586176449,70355.89533667469
scenario_029,tax_regulatory,30,0.005884124934585344,7400.9638020386365,0.11597987993603073,63812.48028641411,66081.72146091922
scenario_029,tax_regulatory,31,0.007534239667369325,7728.438932568603,0.12643336677819567,61126.577022399026,62573.42066516026
scenario_029,tax_regulatory,32,0.009553196698622757,8311.30319935271,0.1437069956366334,57835.0633699701,59622.245202967664
scenario_029,tax_regulatory,33,0.00919158821967303,8370.819465190842,0.14095696284355194,59385.64010123863,61192.972920952976
scenario_029,tax_regulatory,34,0.01086514738113542,8953.331047003585,0.15001845574840364,59681.53053127837,57249.31913700236
scenario_029,tax_regulatory,35,0.013651886045430106,9754.495927236803,0.16625263169651097,58672.73093783762,56530.53040045337
scenario_029,tax_regulatory,36,0.015525838316513219,10107.256215408921,0.17695616334871314,57117.28839583491,54949.66725252452
scenario_029,tax_regulatory,37,0.015686966483368203,10364.826373860442,0.17681581326812826,58619.34055718727,57016.21865642132
scenario_029,tax_regulatory,38,0.014475911323264756,10735.505922988965,0.1695490204664015,63318.00616398344,62537.217934757566
scenario_029,tax_regulatory,39,0.013149961183020475,11168.652997566887,0.16333914321711482,68377.0759267496,69085.39923941149
scenario_029,tax_regulatory,40,0.012217113746990083,12746.974077815603,0.15802313543909832,80665.23957011504,81793.02112270803
scenario_029,tax_regulatory,41,0.012926702311569893,14345.397627119104,0.16027081730961557,89507.2344917682,88291.51476458955
scenario_029,tax_regulatory,42,0.015717697792587026,16277.886928165282,0.17751655588539952,91697.85233256723,91906.5691092283
scenario_029,tax_regulatory,43,0.016936474842353944,18362.10939777129,0.18842634777609188,97449.79730536991,100067.57901247429
scenario_029,tax_regulatory,44,0.016209824459068267,19319.31842156298,0.18102492820100838,106721.86760991829,107634.52321941467
scenario_029,tax_regulatory,45,0.01827775797799791,21840.998606311725,0.1917177734368161,113922.65941117766,114473.63701455842
scenario_029,tax_regulatory,46,0.01389568937891661,23143.51232345457,0.16918281264002216,136795.88347250177,139273.6231248204
scenario_029,tax_regulatory,47,0.04626166822185318,43609.42475350138,0.6139170041548038,71034.7236814847,105771.09107546904
scenario_030,tax_regulatory,0,1.8580279157465185e-06,8.160020187297226,0.006085319860118228,1340.9352959038524,1333.193032582334
scenario_030,tax_regulatory,1,2.44926921133537e-06,8.299983964160482,0.006427237528994292,1291.3765714613678,1283.5810610484082
scenario_030,tax_regulatory,2,5.629267455176112e-06,8.396647313800415,0.007599558676976044,1104.8861744089515,1097.3460576964874
scenario_030,tax_regulatory,3,4.695095741524824e-06,4.870127632297432,0.004823617785799345,1009.6421085922295,1005.8762488921658
scenario_030,tax_regulatory,4,2.592556432645665e-06,3.162525998967999,0.002278108864249463,1388.2242629392133,1388.1257571245853
scenario_030,tax_regulatory,5,1.7612336782324434e-05,9.868550514391162,0.008305004835883919,1188.2654747835354,1195.1476165827983
scenario_030,tax_regulatory,6,1.874383576427885e-05,7.56573681166724,0.006705913349334256,1128.218695581318,1131.2835830913723
scenario_030,tax_regulatory,7,8.227519518122506e-06,11.163875669700623,0.005504109711660243,2028.2800043121208,2035.8090231888953
scenario_030,tax_regulatory,8,3.589234770728922e-06,33.115913126544214,0.009014129233494341,3673.778383772603,3705.384473521909
scenario_030,tax_regulatory,9,3.0217611390881416e-06,18.548496287955427,0.004807167168772786,3858.5086885361306,3874.43661345351
scenario_030,tax_regulatory,10,4.037558369862637e-06,35.46144931391922,0.006505803847697534,5450.740622385866,5482.618434822997
scenario_030,tax_regulatory,11,3.2968546691547473e-06,18.030497923691502,0.002567820835887123,7021.711823388325,7021.6723927501525
scenario_030,tax_regulatory,12,4.253167436574223e-06,39.86310755810051,0.004894087547397153,8145.156205736676,8113.1101912242175
scenario_030,tax_regulatory,13,3.0062035857314484e-06,28.18862874293783,0.0024520435145119236,11495.974103277178,11495.813999359214
scenario_030,tax_regulatory,14,2.599878128117794e-06,72.90531816471591,0.004735509316090598,15395.454490395328,15459.31079178037
scenario_030,tax_regulatory,15,3.5594993683663034e-06,138.02207014352626,0.007127979051090674,19363.422528915413,19491.34143250008
scenario_030,tax_regulatory,16,5.114494753599708e-06,143.98232650272436,0.006974326827772518,20644.61991218583,20772.46479539901
scenario_030,tax_regulatory,17,4.585589554739755e-06,84.62210356405609,0.0030284282178146766,27942.581919646644,27942.867665516766
scenario_030,tax_regulatory,18,4.5384906713907824e-06,102.70654578223495,0.0030128289834314113,34089.73637304134,34090.03613686653
scenario_030,tax_regulatory,19,4.7032735920327085e-06,121.05733966611714,0.003067043275952537,39470.37220350931,39470.7843712564
scenario_030,tax_regulatory,20,8.078820271095744e-06,324.72974643621666,0.006565164685863966,49462.543892527305,49718.8916431174
scenario_030,tax_regulatory,21,1.652944866803452e-05,305.0849279089189,0.005749778334033608,53060.29383830081,53061.34949959061
scenario_030,tax_regulatory,22,6.482914495076209e-05,988.9367421519842,0.018276415569178084,54109.99429339733,54880.038444346814
scenario_030,tax_regulatory,23,0.00013877929145955648,1516.1873666027402,0.022725680051647053,66716.91950062696,67738.90046258167
scenario_030,tax_regulatory,24,0.0001523111786775333,1973.3994839423358,0.028064559711735656,70316.42413820326,71851.10912463198
scenario_030,tax_regulatory,25,0.0005217312264629292,3489.8904923931664,0.04853018967119148,71911.74227915365,74478.96690711183
scenario_030,tax_regulatory,26,0.001621385394910635,5942.3931705910645,0.08076621288695207,73575.23595799388,77671.64217306043
scenario_030,tax_regulatory,27,0.002877756910353413,6576.376476983386,0.09309429085241609,70642.10293420704,74255.65317042153
scenario_030,tax_regulatory,28,0.003541024466412579,6311.050122427854,0.09051672950425835,69722.4718236307,71812.86505082455
scenario_030,tax_regulatory,29,0.006504262506237923,8333.864242664635,0.12176318182886364,68443.22000699487,70949.88913091824
scenario_030,tax_regulatory,30,0.006689748618995295,7936.533099455693,0.12270058140963915,64682.114854528416,66932.49812358782
scenario_030,tax_regulatory,31,0.008148004685892607,8150.440148404989,0.1304761468583106,62466.89793235453,63718.55937634135
scenario_030,tax_regulatory,32,0.010537737055465013,8926.167288616696,0.1525563555289938,58510.622239663106,60705.61527454925
scenario_030,tax_regulatory,33,0.010263473466437967,8850.315380699643,0.14617171016535174,60547.388894116564,61786.8081451293
scenario_030,tax_regulatory,34,0.011863452215043813,9076.677633000349,0.1536509982533439,59073.339816735046,58092.5263395237
scenario_030,tax_regulatory,35,0.014369186138750045,9830.80132526571,0.16995482456678518,57843.6143270685,58098.83678991088
scenario_030,tax_regulatory,36,0.016272181753505977,10117.691298645901,0.18139475663317012,55777.19823019275,56263.42918368992
scenario_030,tax_regulatory,37,0.01634324964229361,10386.885169382693,0.1812915249606916,57293.82645788225,57569.08412435346
scenario_030,tax_regulatory,38,0.0148376260070604,10924.499534604654,0.17192953744923514,63540.562585589934,63247.841369659654
scenario_030,tax_regulatory,39,0.013978812620853986,11685.255075811036,0.16662093513096565,70130.77358272125,69110.88181651408
scenario_030,tax_regulatory,40,0.01370835295505346,13739.182307638013,0.16577789407192856,82877.04693411528,80421.33666315369
scenario_030,tax_regulatory,41,0.01381803189701547,14983.412794081325,0.16668707405927738,89889.4703062153,90303.52540226564
scenario_030,tax_regulatory,42,0.016199376661187204,16778.701952256833,0.1793329941128223,93561.71202774312,92504.32494593604
scenario_030,tax_regulatory,43,0.016968400870237543,18532.201227177116,0.18382226415328598,100815.86859208446,100305.48491481214
scenario_030,tax_regulatory,44,0.017339243228071788,20169.474275140088,0.19133668084226696,105413.52649347609,108565.77276613464
scenario_030,tax_regulatory,45,0.019037497403703196,22815.08352723692,0.2042929913671565,111678.24884522603,116635.6554626708
scenario_030,tax_regulatory,46,0.013929405960066865,23544.796272291744,0.17001200457018356,138489.02218297232,141435.27370942882
scenario_030,tax_regulatory,47,0.03369843936103978,25266.60294677121,0.2856440801751306,88454.845384088,96426.48202913775
